"","mutation","counts","status","group"
"1","Sabin2ref_A1035G",2,"Capsid","2"
"2","Sabin2ref_A1149G",3,"Capsid","3"
"3","Sabin2ref_A1152G",2,"Capsid","2"
"4","Sabin2ref_A1332G",2,"Capsid","2"
"5","Sabin2ref_A1380G",2,"Capsid","2"
"6","Sabin2ref_A1939G",2,"Capsid - Antigenic","2"
"7","Sabin2ref_A1990G",2,"Capsid - Antigenic","2"
"8","Sabin2ref_A1997G",8,"Capsid - Antigenic",">4"
"9","Sabin2ref_A2074G",12,"Capsid",">4"
"10","Sabin2ref_A2172G",2,"Capsid","2"
"11","Sabin2ref_A2271G",2,"Capsid","2"
"12","Sabin2ref_A2439G",2,"Capsid","2"
"13","Sabin2ref_A2521G",2,"Capsid","2"
"14","Sabin2ref_A2557G",2,"Capsid","2"
"15","Sabin2ref_A2573G",2,"Capsid","2"
"16","Sabin2ref_A2602G",2,"Capsid","2"
"17","Sabin2ref_A2610G",2,"Capsid","2"
"18","Sabin2ref_A2626G",2,"Capsid","2"
"19","Sabin2ref_A2908G",19,"Gatekeeper",">4"
"20","Sabin2ref_A2908T",3,"Gatekeeper","3"
"21","Sabin2ref_A2925G",2,"Capsid","2"
"22","Sabin2ref_A2986G",10,"Capsid - Antigenic",">4"
"23","Sabin2ref_A2992G",11,"Capsid",">4"
"24","Sabin2ref_A3123G",3,"Capsid","3"
"25","Sabin2ref_A3195G",2,"Capsid","2"
"26","Sabin2ref_A3352G",3,"Capsid - Antigenic","3"
"27","Sabin2ref_A3363G",3,"Capsid","3"
"28","Sabin2ref_A3490G",4,"P2/P3","4"
"29","Sabin2ref_A4074G",2,"P2/P3","2"
"30","Sabin2ref_A4350G",2,"P2/P3","2"
"31","Sabin2ref_A4398G",2,"P2/P3","2"
"32","Sabin2ref_A4584G",3,"P2/P3","3"
"33","Sabin2ref_A481G",72,"Gatekeeper",">4"
"34","Sabin2ref_A5325G",2,"P2/P3","2"
"35","Sabin2ref_A5616G",2,"P2/P3","2"
"36","Sabin2ref_A6120G",2,"P2/P3","2"
"37","Sabin2ref_A6516G",2,"P2/P3","2"
"38","Sabin2ref_A6831G",2,"P2/P3","2"
"39","Sabin2ref_A6894G",3,"P2/P3","3"
"40","Sabin2ref_A7266G",2,"P2/P3","2"
"41","Sabin2ref_A961G",3,"Capsid","3"
"42","Sabin2ref_C1029T",2,"Capsid","2"
"43","Sabin2ref_C1131T",2,"Capsid","2"
"44","Sabin2ref_C1158T",3,"Capsid","3"
"45","Sabin2ref_C1377T",2,"Capsid","2"
"46","Sabin2ref_C1445T",2,"Capsid","2"
"47","Sabin2ref_C1818T",2,"Capsid","2"
"48","Sabin2ref_C1872T",2,"Capsid","2"
"49","Sabin2ref_C1935T",2,"Capsid","2"
"50","Sabin2ref_C2291T",4,"Capsid","4"
"51","Sabin2ref_C2304T",3,"Capsid","3"
"52","Sabin2ref_C2531T",2,"Capsid","2"
"53","Sabin2ref_C2546T",2,"Capsid","2"
"54","Sabin2ref_C2580T",4,"Capsid","4"
"55","Sabin2ref_C2588T",3,"Capsid","3"
"56","Sabin2ref_C2609T",6,"Capsid",">4"
"57","Sabin2ref_C2633T",3,"Capsid","3"
"58","Sabin2ref_C2783A",5,"Capsid - Antigenic",">4"
"59","Sabin2ref_C3351T",2,"Capsid","2"
"60","Sabin2ref_C3354T",2,"Capsid - Antigenic","2"
"61","Sabin2ref_C3414T",2,"P2/P3","2"
"62","Sabin2ref_C3534T",2,"P2/P3","2"
"63","Sabin2ref_C3570T",2,"P2/P3","2"
"64","Sabin2ref_C3639T",3,"P2/P3","3"
"65","Sabin2ref_C3789T",2,"P2/P3","2"
"66","Sabin2ref_C4563T",2,"P2/P3","2"
"67","Sabin2ref_C4653T",2,"P2/P3","2"
"68","Sabin2ref_C5172T",2,"P2/P3","2"
"69","Sabin2ref_C5296T",2,"P2/P3","2"
"70","Sabin2ref_C5316T",2,"P2/P3","2"
"71","Sabin2ref_C5379T",2,"P2/P3","2"
"72","Sabin2ref_C5418T",2,"P2/P3","2"
"73","Sabin2ref_C5454T",3,"P2/P3","3"
"74","Sabin2ref_C5698T",2,"P2/P3","2"
"75","Sabin2ref_C5712T",2,"P2/P3","2"
"76","Sabin2ref_C576T",2,"Noncoding","2"
"77","Sabin2ref_C5796T",2,"P2/P3","2"
"78","Sabin2ref_C5895T",2,"P2/P3","2"
"79","Sabin2ref_C6240T",2,"P2/P3","2"
"80","Sabin2ref_C6282T",2,"P2/P3","2"
"81","Sabin2ref_C6291T",3,"P2/P3","3"
"82","Sabin2ref_C6303T",2,"P2/P3","2"
"83","Sabin2ref_C6522T",2,"P2/P3","2"
"84","Sabin2ref_C6655T",2,"P2/P3","2"
"85","Sabin2ref_C6897T",3,"P2/P3","3"
"86","Sabin2ref_C6909T",2,"P2/P3","2"
"87","Sabin2ref_C6910T",3,"P2/P3","3"
"88","Sabin2ref_C7044T",2,"P2/P3","2"
"89","Sabin2ref_C7071T",2,"P2/P3","2"
"90","Sabin2ref_C783T",3,"Capsid","3"
"91","Sabin2ref_C861T",2,"Capsid","2"
"92","Sabin2ref_C869T",3,"Capsid","3"
"93","Sabin2ref_C939T",3,"Capsid","3"
"94","Sabin2ref_C987T",2,"Capsid","2"
"95","Sabin2ref_G1282A",4,"Capsid","4"
"96","Sabin2ref_G1833A",2,"Capsid","2"
"97","Sabin2ref_G1943A",2,"Capsid - Antigenic","2"
"98","Sabin2ref_G2007A",2,"Capsid - Antigenic","2"
"99","Sabin2ref_G2574A",2,"Capsid","2"
"100","Sabin2ref_G2587A",2,"Capsid","2"
"101","Sabin2ref_G2608A",2,"Capsid","2"
"102","Sabin2ref_G2662A",2,"Capsid","2"
"103","Sabin2ref_G2685A",2,"Capsid","2"
"104","Sabin2ref_G2710A",2,"Capsid","2"
"105","Sabin2ref_G2780A",2,"Capsid - Antigenic","2"
"106","Sabin2ref_G2782A",7,"Capsid - Antigenic",">4"
"107","Sabin2ref_G3012A",3,"Capsid","3"
"108","Sabin2ref_G3277A",2,"Capsid","2"
"109","Sabin2ref_G3508A",2,"P2/P3","2"
"110","Sabin2ref_G3765A",2,"P2/P3","2"
"111","Sabin2ref_G4257A",2,"P2/P3","2"
"112","Sabin2ref_G4473A",3,"P2/P3","3"
"113","Sabin2ref_G4485A",2,"P2/P3","2"
"114","Sabin2ref_G4716A",2,"P2/P3","2"
"115","Sabin2ref_G4899A",2,"P2/P3","2"
"116","Sabin2ref_G491A",7,"Noncoding",">4"
"117","Sabin2ref_G493A",3,"Noncoding","3"
"118","Sabin2ref_G5163A",2,"P2/P3","2"
"119","Sabin2ref_G5805A",2,"P2/P3","2"
"120","Sabin2ref_G5949A",2,"P2/P3","2"
"121","Sabin2ref_G6019A",3,"P2/P3","3"
"122","Sabin2ref_G6084T",10,"P2/P3",">4"
"123","Sabin2ref_G619T",7,"Noncoding",">4"
"124","Sabin2ref_G6598A",2,"P2/P3","2"
"125","Sabin2ref_G6996A",2,"P2/P3","2"
"126","Sabin2ref_G849A",2,"Capsid","2"
"127","Sabin2ref_T1014C",2,"Capsid","2"
"128","Sabin2ref_T1455A",2,"Capsid - Antigenic","2"
"129","Sabin2ref_T1641C",4,"Capsid","4"
"130","Sabin2ref_T1713C",2,"Capsid","2"
"131","Sabin2ref_T1737C",2,"Capsid","2"
"132","Sabin2ref_T1971C",3,"Capsid","3"
"133","Sabin2ref_T1995C",2,"Capsid - Antigenic","2"
"134","Sabin2ref_T2115C",2,"Capsid","2"
"135","Sabin2ref_T2490C",2,"Capsid","2"
"136","Sabin2ref_T2644C",2,"Capsid","2"
"137","Sabin2ref_T2745C",2,"Capsid","2"
"138","Sabin2ref_T2796C",3,"Capsid","3"
"139","Sabin2ref_T2909A",8,"Gatekeeper",">4"
"140","Sabin2ref_T2909C",25,"Gatekeeper",">4"
"141","Sabin2ref_T2910C",2,"Capsid","2"
"142","Sabin2ref_T2958C",2,"Capsid","2"
"143","Sabin2ref_T3087C",2,"Capsid","2"
"144","Sabin2ref_T3096C",3,"Capsid","3"
"145","Sabin2ref_T3111C",2,"Capsid","2"
"146","Sabin2ref_T3145C",3,"Capsid - Antigenic","3"
"147","Sabin2ref_T3555C",2,"P2/P3","2"
"148","Sabin2ref_T383C",3,"Noncoding","3"
"149","Sabin2ref_T3954C",2,"P2/P3","2"
"150","Sabin2ref_T398C",16,"Gatekeeper",">4"
"151","Sabin2ref_T4266C",2,"P2/P3","2"
"152","Sabin2ref_T4374C",5,"P2/P3",">4"
"153","Sabin2ref_T4512C",2,"P2/P3","2"
"154","Sabin2ref_T4938C",2,"P2/P3","2"
"155","Sabin2ref_T4941C",2,"P2/P3","2"
"156","Sabin2ref_T5145C",2,"P2/P3","2"
"157","Sabin2ref_T5532C",2,"P2/P3","2"
"158","Sabin2ref_T5811A",4,"P2/P3","4"
"159","Sabin2ref_T5862C",2,"P2/P3","2"
"160","Sabin2ref_T5871A",2,"P2/P3","2"
"161","Sabin2ref_T5982C",2,"P2/P3","2"
"162","Sabin2ref_T6060C",2,"P2/P3","2"
"163","Sabin2ref_T6114C",2,"P2/P3","2"
"164","Sabin2ref_T6246A",3,"P2/P3","3"
"165","Sabin2ref_T6423C",2,"P2/P3","2"
"166","Sabin2ref_T6693A",4,"P2/P3","4"
"167","Sabin2ref_T6696C",3,"P2/P3","3"
"168","Sabin2ref_T6699C",3,"P2/P3","3"
"169","Sabin2ref_T6774C",3,"P2/P3","3"
"170","Sabin2ref_T6900C",2,"P2/P3","2"
"171","Sabin2ref_T6942C",2,"P2/P3","2"
"172","Sabin2ref_T7002C",3,"P2/P3","3"
"173","Sabin2ref_T730C",2,"Noncoding","2"
"174","Sabin2ref_T7401G",10,"Noncoding",">4"
"175","Sabin2ref_T831C",2,"Capsid","2"
"176","Sabin2ref_T882C",8,"Capsid",">4"
"177","Sabin2ref_T894C",2,"Capsid","2"
"178","Sabin2ref_T930C",2,"Capsid","2"
