"","Position","Sabin_nt","WT_nt","mutation","mutation_old"
"1",189,"T","C","Sabin1_ref_T189C","pT7_S1F_T189C"
"2",480,"G","A","Sabin1_ref_G480A","pT7_S1F_G480A"
"3",649,"T","C","Sabin1_ref_T649C","pT7_S1F_T649C"
"4",674,"T","C","Sabin1_ref_T674C","pT7_S1F_T674C"
"5",806,"G","A","Sabin1_ref_G806A","pT7_S1F_G806A"
"6",935,"T","G","Sabin1_ref_T935G","pT7_S1F_T935G"
"7",1208,"C","A","Sabin1_ref_C1208A","pT7_S1F_C1208A"
"8",1228,"C","G","Sabin1_ref_C1228G","pT7_S1F_C1228G"
"9",1442,"G","A","Sabin1_ref_G1442A","pT7_S1F_G1442A"
"10",1465,"T","C","Sabin1_ref_T1465C","pT7_S1F_T1465C"
"11",1490,"T","C","Sabin1_ref_T1490C","pT7_S1F_T1490C"
"12",1507,"A","G","Sabin1_ref_A1507G","pT7_S1F_A1507G"
"13",1747,"T","C","Sabin1_ref_T1747C","pT7_S1F_T1747C"
"14",1885,"T","A","Sabin1_ref_T1885A","pT7_S1F_T1885A"
"15",1942,"A","C","Sabin1_ref_A1942C","pT7_S1F_A1942C"
"16",1944,"A","C","Sabin1_ref_A1944C","pT7_S1F_A1944C"
"17",2035,"T","C","Sabin1_ref_T2035C","pT7_S1F_T2035C"
"18",2353,"C","T","Sabin1_ref_C2353T","pT7_S1F_C2353T"
"19",2438,"A","T","Sabin1_ref_A2438T","pT7_S1F_A2438T"
"20",2545,"G","A","Sabin1_ref_G2545A","pT7_S1F_G2545A"
"21",2585,"G","A","Sabin1_ref_G2585A","pT7_S1F_G2585A"
"22",2741,"G","A","Sabin1_ref_G2741A","pT7_S1F_G2741A"
"23",2749,"A","G","Sabin1_ref_A2749G","pT7_S1F_A2749G"
"24",2762,"T","C","Sabin1_ref_T2762C","pT7_S1F_T2762C"
"25",2775,"A","C","Sabin1_ref_A2775C","pT7_S1F_A2775C"
"26",2791,"A","T","Sabin1_ref_A2791T","pT7_S1F_A2791T"
"27",2795,"A","G","Sabin1_ref_A2795G","pT7_S1F_A2795G"
"28",2879,"T","C","Sabin1_ref_T2879C","pT7_S1F_T2879C"
"29",2923,"G","C","Sabin1_ref_G2923C","pT7_S1F_G2923C"
"30",2929,"C","A","Sabin1_ref_C2929A","pT7_S1F_C2929A"
"31",2983,"G","A","Sabin1_ref_G2983A","pT7_S1F_G2983A"
"32",3043,"A","G","Sabin1_ref_A3043G","pT7_S1F_A3043G"
"33",3163,"C","T","Sabin1_ref_C3163T","pT7_S1F_C3163T"
"34",3445,"T","C","Sabin1_ref_T3445C","pT7_S1F_T3445C"
"35",3460,"A","T","Sabin1_ref_A3460T","pT7_S1F_A3460T"
"36",3492,"A","G","Sabin1_ref_A3492G","pT7_S1F_A3492G"
"37",3785,"A","T","Sabin1_ref_A3785T","pT7_S1F_A3785T"
"38",3836,"A","C","Sabin1_ref_A3836C","pT7_S1F_A3836C"
"39",3896,"G","A","Sabin1_ref_G3896A","pT7_S1F_G3896A"
"40",3898,"A","C","Sabin1_ref_A3898C","pT7_S1F_A3898C"
"41",3919,"T","C","Sabin1_ref_T3919C","pT7_S1F_T3919C"
"42",4003,"T","C","Sabin1_ref_T4003C","pT7_S1F_T4003C"
"43",4116,"C","T","Sabin1_ref_C4116T","pT7_S1F_C4116T"
"44",4435,"A","C","Sabin1_ref_A4435C","pT7_S1F_A4435C"
"45",4444,"C","T","Sabin1_ref_C4444T","pT7_S1F_C4444T"
"46",4789,"G","A","Sabin1_ref_G4789A","pT7_S1F_G4789A"
"47",4831,"T","C","Sabin1_ref_T4831C","pT7_S1F_T4831C"
"48",4834,"A","G","Sabin1_ref_A4834G","pT7_S1F_A4834G"
"49",5107,"C","T","Sabin1_ref_C5107T","pT7_S1F_C5107T"
"50",5137,"G","A","Sabin1_ref_G5137A","pT7_S1F_G5137A"
"51",5242,"C","T","Sabin1_ref_C5242T","pT7_S1F_C5242T"
"52",5350,"C","T","Sabin1_ref_C5350T","pT7_S1F_C5350T"
"53",5420,"A","C","Sabin1_ref_A5420C","pT7_S1F_A5420C"
"54",5440,"G","A","Sabin1_ref_G5440A","pT7_S1F_G5440A"
"55",5737,"A","G","Sabin1_ref_A5737G","pT7_S1F_A5737G"
"56",6143,"A","G","Sabin1_ref_A6143G","pT7_S1F_A6143G"
"57",6187,"C","T","Sabin1_ref_C6187T","pT7_S1F_C6187T"
"58",6203,"C","T","Sabin1_ref_C6203T","pT7_S1F_C6203T"
"59",6261,"C","T","Sabin1_ref_C6261T","pT7_S1F_C6261T"
"60",6373,"T","C","Sabin1_ref_T6373C","pT7_S1F_T6373C"
"61",6616,"A","G","Sabin1_ref_A6616G","pT7_S1F_A6616G"
"62",6679,"C","T","Sabin1_ref_C6679T","pT7_S1F_C6679T"
"63",6853,"T","C","Sabin1_ref_T6853C","pT7_S1F_T6853C"
"64",7071,"T","C","Sabin1_ref_T7071C","pT7_S1F_T7071C"
"65",7198,"A","T","Sabin1_ref_A7198T","pT7_S1F_A7198T"
"66",7243,"A","T","Sabin1_ref_A7243T","pT7_S1F_A7243T"
