"","Position","Sabin_nt","WT_nt","mutation","level","mutation_old"
"1",189,"T","C","Sabin1_ref_T189C","100_percent","pT7_S1F_T189C"
"2",480,"G","A","Sabin1_ref_G480A","100_percent","pT7_S1F_G480A"
"3",649,"T","C","Sabin1_ref_T649C","100_percent","pT7_S1F_T649C"
"4",674,"T","C","Sabin1_ref_T674C","100_percent","pT7_S1F_T674C"
"5",806,"G","A","Sabin1_ref_G806A","100_percent","pT7_S1F_G806A"
"6",935,"T","G","Sabin1_ref_T935G","100_percent","pT7_S1F_T935G"
"7",1208,"C","A","Sabin1_ref_C1208A","100_percent","pT7_S1F_C1208A"
"8",1228,"C","G","Sabin1_ref_C1228G","100_percent","pT7_S1F_C1228G"
"9",1442,"G","A","Sabin1_ref_G1442A","100_percent","pT7_S1F_G1442A"
"10",1465,"T","C","Sabin1_ref_T1465C","100_percent","pT7_S1F_T1465C"
"11",1490,"T","C","Sabin1_ref_T1490C","100_percent","pT7_S1F_T1490C"
"12",1507,"A","G","Sabin1_ref_A1507G","100_percent","pT7_S1F_A1507G"
"13",1747,"T","C","Sabin1_ref_T1747C","100_percent","pT7_S1F_T1747C"
"14",1885,"T","A","Sabin1_ref_T1885A","100_percent","pT7_S1F_T1885A"
"15",1942,"A","C","Sabin1_ref_A1942C","100_percent","pT7_S1F_A1942C"
"16",1944,"A","C","Sabin1_ref_A1944C","100_percent","pT7_S1F_A1944C"
"17",2035,"T","C","Sabin1_ref_T2035C","100_percent","pT7_S1F_T2035C"
"18",2353,"C","T","Sabin1_ref_C2353T","100_percent","pT7_S1F_C2353T"
"19",2438,"A","T","Sabin1_ref_A2438T","100_percent","pT7_S1F_A2438T"
"20",2545,"G","A","Sabin1_ref_G2545A","100_percent","pT7_S1F_G2545A"
"21",2585,"G","A","Sabin1_ref_G2585A","100_percent","pT7_S1F_G2585A"
"22",2741,"G","A","Sabin1_ref_G2741A","100_percent","pT7_S1F_G2741A"
"23",2749,"A","G","Sabin1_ref_A2749G","100_percent","pT7_S1F_A2749G"
"24",2762,"T","C","Sabin1_ref_T2762C","100_percent","pT7_S1F_T2762C"
"25",2775,"A","C","Sabin1_ref_A2775C","100_percent","pT7_S1F_A2775C"
"26",2791,"A","T","Sabin1_ref_A2791T","100_percent","pT7_S1F_A2791T"
"27",2795,"A","G","Sabin1_ref_A2795G","100_percent","pT7_S1F_A2795G"
"28",2879,"T","C","Sabin1_ref_T2879C","100_percent","pT7_S1F_T2879C"
"29",2923,"G","C","Sabin1_ref_G2923C","100_percent","pT7_S1F_G2923C"
"30",2929,"C","A","Sabin1_ref_C2929A","100_percent","pT7_S1F_C2929A"
"31",2983,"G","A","Sabin1_ref_G2983A","100_percent","pT7_S1F_G2983A"
"32",3043,"A","G","Sabin1_ref_A3043G","100_percent","pT7_S1F_A3043G"
"33",3163,"C","T","Sabin1_ref_C3163T","100_percent","pT7_S1F_C3163T"
"34",3445,"T","C","Sabin1_ref_T3445C","100_percent","pT7_S1F_T3445C"
"35",3460,"A","T","Sabin1_ref_A3460T","100_percent","pT7_S1F_A3460T"
"36",3492,"A","G","Sabin1_ref_A3492G","100_percent","pT7_S1F_A3492G"
"37",3785,"A","T","Sabin1_ref_A3785T","100_percent","pT7_S1F_A3785T"
"38",3836,"A","C","Sabin1_ref_A3836C","100_percent","pT7_S1F_A3836C"
"39",3896,"G","A","Sabin1_ref_G3896A","100_percent","pT7_S1F_G3896A"
"40",3898,"A","C","Sabin1_ref_A3898C","100_percent","pT7_S1F_A3898C"
"41",3919,"T","C","Sabin1_ref_T3919C","100_percent","pT7_S1F_T3919C"
"42",4003,"T","C","Sabin1_ref_T4003C","100_percent","pT7_S1F_T4003C"
"43",4116,"C","T","Sabin1_ref_C4116T","100_percent","pT7_S1F_C4116T"
"44",4435,"A","C","Sabin1_ref_A4435C","100_percent","pT7_S1F_A4435C"
"45",4444,"C","T","Sabin1_ref_C4444T","100_percent","pT7_S1F_C4444T"
"46",4789,"G","A","Sabin1_ref_G4789A","100_percent","pT7_S1F_G4789A"
"47",4831,"T","C","Sabin1_ref_T4831C","100_percent","pT7_S1F_T4831C"
"48",4834,"A","G","Sabin1_ref_A4834G","100_percent","pT7_S1F_A4834G"
"49",5107,"C","T","Sabin1_ref_C5107T","100_percent","pT7_S1F_C5107T"
"50",5137,"G","A","Sabin1_ref_G5137A","100_percent","pT7_S1F_G5137A"
"51",5242,"C","T","Sabin1_ref_C5242T","100_percent","pT7_S1F_C5242T"
"52",5350,"C","T","Sabin1_ref_C5350T","100_percent","pT7_S1F_C5350T"
"53",5420,"A","C","Sabin1_ref_A5420C","100_percent","pT7_S1F_A5420C"
"54",5440,"G","A","Sabin1_ref_G5440A","100_percent","pT7_S1F_G5440A"
"55",5737,"A","G","Sabin1_ref_A5737G","100_percent","pT7_S1F_A5737G"
"56",6143,"A","G","Sabin1_ref_A6143G","100_percent","pT7_S1F_A6143G"
"57",6187,"C","T","Sabin1_ref_C6187T","100_percent","pT7_S1F_C6187T"
"58",6203,"C","T","Sabin1_ref_C6203T","100_percent","pT7_S1F_C6203T"
"59",6261,"C","T","Sabin1_ref_C6261T","100_percent","pT7_S1F_C6261T"
"60",6373,"T","C","Sabin1_ref_T6373C","100_percent","pT7_S1F_T6373C"
"61",6616,"A","G","Sabin1_ref_A6616G","100_percent","pT7_S1F_A6616G"
"62",6679,"C","T","Sabin1_ref_C6679T","100_percent","pT7_S1F_C6679T"
"63",6853,"T","C","Sabin1_ref_T6853C","100_percent","pT7_S1F_T6853C"
"64",7071,"T","C","Sabin1_ref_T7071C","100_percent","pT7_S1F_T7071C"
"65",7198,"A","T","Sabin1_ref_A7198T","100_percent","pT7_S1F_A7198T"
"66",7243,"A","T","Sabin1_ref_A7243T","100_percent","pT7_S1F_A7243T"
"67",189,"T","C","Sabin1_ref_T189C","10_percent","pT7_S1F_T189C"
"68",480,"G","A","Sabin1_ref_G480A","10_percent","pT7_S1F_G480A"
"69",649,"T","C","Sabin1_ref_T649C","10_percent","pT7_S1F_T649C"
"70",674,"T","C","Sabin1_ref_T674C","10_percent","pT7_S1F_T674C"
"71",806,"G","A","Sabin1_ref_G806A","10_percent","pT7_S1F_G806A"
"72",935,"T","G","Sabin1_ref_T935G","10_percent","pT7_S1F_T935G"
"73",1208,"C","A","Sabin1_ref_C1208A","10_percent","pT7_S1F_C1208A"
"74",1228,"C","G","Sabin1_ref_C1228G","10_percent","pT7_S1F_C1228G"
"75",1442,"G","A","Sabin1_ref_G1442A","10_percent","pT7_S1F_G1442A"
"76",1465,"T","C","Sabin1_ref_T1465C","10_percent","pT7_S1F_T1465C"
"77",1490,"T","C","Sabin1_ref_T1490C","10_percent","pT7_S1F_T1490C"
"78",1507,"A","G","Sabin1_ref_A1507G","10_percent","pT7_S1F_A1507G"
"79",1747,"T","C","Sabin1_ref_T1747C","10_percent","pT7_S1F_T1747C"
"80",1885,"T","A","Sabin1_ref_T1885A","10_percent","pT7_S1F_T1885A"
"81",1942,"A","C","Sabin1_ref_A1942C","10_percent","pT7_S1F_A1942C"
"82",1944,"A","C","Sabin1_ref_A1944C","10_percent","pT7_S1F_A1944C"
"83",2035,"T","C","Sabin1_ref_T2035C","10_percent","pT7_S1F_T2035C"
"84",2353,"C","T","Sabin1_ref_C2353T","10_percent","pT7_S1F_C2353T"
"85",2438,"A","T","Sabin1_ref_A2438T","10_percent","pT7_S1F_A2438T"
"86",2545,"G","A","Sabin1_ref_G2545A","10_percent","pT7_S1F_G2545A"
"87",2585,"G","A","Sabin1_ref_G2585A","10_percent","pT7_S1F_G2585A"
"88",2741,"G","A","Sabin1_ref_G2741A","10_percent","pT7_S1F_G2741A"
"89",2749,"A","G","Sabin1_ref_A2749G","10_percent","pT7_S1F_A2749G"
"90",2762,"T","C","Sabin1_ref_T2762C","10_percent","pT7_S1F_T2762C"
"91",2775,"A","C","Sabin1_ref_A2775C","10_percent","pT7_S1F_A2775C"
"92",2791,"A","T","Sabin1_ref_A2791T","10_percent","pT7_S1F_A2791T"
"93",2795,"A","G","Sabin1_ref_A2795G","10_percent","pT7_S1F_A2795G"
"94",2879,"T","C","Sabin1_ref_T2879C","10_percent","pT7_S1F_T2879C"
"95",2923,"G","C","Sabin1_ref_G2923C","10_percent","pT7_S1F_G2923C"
"96",2929,"C","A","Sabin1_ref_C2929A","10_percent","pT7_S1F_C2929A"
"97",2983,"G","A","Sabin1_ref_G2983A","10_percent","pT7_S1F_G2983A"
"98",3043,"A","G","Sabin1_ref_A3043G","10_percent","pT7_S1F_A3043G"
"99",3163,"C","T","Sabin1_ref_C3163T","10_percent","pT7_S1F_C3163T"
"100",3445,"T","C","Sabin1_ref_T3445C","10_percent","pT7_S1F_T3445C"
"101",3460,"A","T","Sabin1_ref_A3460T","10_percent","pT7_S1F_A3460T"
"102",3492,"A","G","Sabin1_ref_A3492G","10_percent","pT7_S1F_A3492G"
"103",3785,"A","T","Sabin1_ref_A3785T","10_percent","pT7_S1F_A3785T"
"104",3836,"A","C","Sabin1_ref_A3836C","10_percent","pT7_S1F_A3836C"
"105",3896,"G","A","Sabin1_ref_G3896A","10_percent","pT7_S1F_G3896A"
"106",3898,"A","C","Sabin1_ref_A3898C","10_percent","pT7_S1F_A3898C"
"107",3919,"T","C","Sabin1_ref_T3919C","10_percent","pT7_S1F_T3919C"
"108",4003,"T","C","Sabin1_ref_T4003C","10_percent","pT7_S1F_T4003C"
"109",4116,"C","T","Sabin1_ref_C4116T","10_percent","pT7_S1F_C4116T"
"110",4435,"A","C","Sabin1_ref_A4435C","10_percent","pT7_S1F_A4435C"
"111",4444,"C","T","Sabin1_ref_C4444T","10_percent","pT7_S1F_C4444T"
"112",4789,"G","A","Sabin1_ref_G4789A","10_percent","pT7_S1F_G4789A"
"113",4831,"T","C","Sabin1_ref_T4831C","10_percent","pT7_S1F_T4831C"
"114",4834,"A","G","Sabin1_ref_A4834G","10_percent","pT7_S1F_A4834G"
"115",5107,"C","T","Sabin1_ref_C5107T","10_percent","pT7_S1F_C5107T"
"116",5137,"G","A","Sabin1_ref_G5137A","10_percent","pT7_S1F_G5137A"
"117",5242,"C","T","Sabin1_ref_C5242T","10_percent","pT7_S1F_C5242T"
"118",5350,"C","T","Sabin1_ref_C5350T","10_percent","pT7_S1F_C5350T"
"119",5420,"A","C","Sabin1_ref_A5420C","10_percent","pT7_S1F_A5420C"
"120",5440,"G","A","Sabin1_ref_G5440A","10_percent","pT7_S1F_G5440A"
"121",5737,"A","G","Sabin1_ref_A5737G","10_percent","pT7_S1F_A5737G"
"122",6143,"A","G","Sabin1_ref_A6143G","10_percent","pT7_S1F_A6143G"
"123",6187,"C","T","Sabin1_ref_C6187T","10_percent","pT7_S1F_C6187T"
"124",6203,"C","T","Sabin1_ref_C6203T","10_percent","pT7_S1F_C6203T"
"125",6261,"C","T","Sabin1_ref_C6261T","10_percent","pT7_S1F_C6261T"
"126",6373,"T","C","Sabin1_ref_T6373C","10_percent","pT7_S1F_T6373C"
"127",6616,"A","G","Sabin1_ref_A6616G","10_percent","pT7_S1F_A6616G"
"128",6679,"C","T","Sabin1_ref_C6679T","10_percent","pT7_S1F_C6679T"
"129",6853,"T","C","Sabin1_ref_T6853C","10_percent","pT7_S1F_T6853C"
"130",7071,"T","C","Sabin1_ref_T7071C","10_percent","pT7_S1F_T7071C"
"131",7198,"A","T","Sabin1_ref_A7198T","10_percent","pT7_S1F_A7198T"
"132",7243,"A","T","Sabin1_ref_A7243T","10_percent","pT7_S1F_A7243T"
"133",189,"T","C","Sabin1_ref_T189C","5_percent","pT7_S1F_T189C"
"134",480,"G","A","Sabin1_ref_G480A","5_percent","pT7_S1F_G480A"
"135",649,"T","C","Sabin1_ref_T649C","5_percent","pT7_S1F_T649C"
"136",674,"T","C","Sabin1_ref_T674C","5_percent","pT7_S1F_T674C"
"137",806,"G","A","Sabin1_ref_G806A","5_percent","pT7_S1F_G806A"
"138",935,"T","G","Sabin1_ref_T935G","5_percent","pT7_S1F_T935G"
"139",1208,"C","A","Sabin1_ref_C1208A","5_percent","pT7_S1F_C1208A"
"140",1228,"C","G","Sabin1_ref_C1228G","5_percent","pT7_S1F_C1228G"
"141",1442,"G","A","Sabin1_ref_G1442A","5_percent","pT7_S1F_G1442A"
"142",1465,"T","C","Sabin1_ref_T1465C","5_percent","pT7_S1F_T1465C"
"143",1490,"T","C","Sabin1_ref_T1490C","5_percent","pT7_S1F_T1490C"
"144",1507,"A","G","Sabin1_ref_A1507G","5_percent","pT7_S1F_A1507G"
"145",1747,"T","C","Sabin1_ref_T1747C","5_percent","pT7_S1F_T1747C"
"146",1885,"T","A","Sabin1_ref_T1885A","5_percent","pT7_S1F_T1885A"
"147",1942,"A","C","Sabin1_ref_A1942C","5_percent","pT7_S1F_A1942C"
"148",1944,"A","C","Sabin1_ref_A1944C","5_percent","pT7_S1F_A1944C"
"149",2035,"T","C","Sabin1_ref_T2035C","5_percent","pT7_S1F_T2035C"
"150",2353,"C","T","Sabin1_ref_C2353T","5_percent","pT7_S1F_C2353T"
"151",2438,"A","T","Sabin1_ref_A2438T","5_percent","pT7_S1F_A2438T"
"152",2545,"G","A","Sabin1_ref_G2545A","5_percent","pT7_S1F_G2545A"
"153",2585,"G","A","Sabin1_ref_G2585A","5_percent","pT7_S1F_G2585A"
"154",2741,"G","A","Sabin1_ref_G2741A","5_percent","pT7_S1F_G2741A"
"155",2749,"A","G","Sabin1_ref_A2749G","5_percent","pT7_S1F_A2749G"
"156",2762,"T","C","Sabin1_ref_T2762C","5_percent","pT7_S1F_T2762C"
"157",2775,"A","C","Sabin1_ref_A2775C","5_percent","pT7_S1F_A2775C"
"158",2791,"A","T","Sabin1_ref_A2791T","5_percent","pT7_S1F_A2791T"
"159",2795,"A","G","Sabin1_ref_A2795G","5_percent","pT7_S1F_A2795G"
"160",2879,"T","C","Sabin1_ref_T2879C","5_percent","pT7_S1F_T2879C"
"161",2923,"G","C","Sabin1_ref_G2923C","5_percent","pT7_S1F_G2923C"
"162",2929,"C","A","Sabin1_ref_C2929A","5_percent","pT7_S1F_C2929A"
"163",2983,"G","A","Sabin1_ref_G2983A","5_percent","pT7_S1F_G2983A"
"164",3043,"A","G","Sabin1_ref_A3043G","5_percent","pT7_S1F_A3043G"
"165",3163,"C","T","Sabin1_ref_C3163T","5_percent","pT7_S1F_C3163T"
"166",3445,"T","C","Sabin1_ref_T3445C","5_percent","pT7_S1F_T3445C"
"167",3460,"A","T","Sabin1_ref_A3460T","5_percent","pT7_S1F_A3460T"
"168",3492,"A","G","Sabin1_ref_A3492G","5_percent","pT7_S1F_A3492G"
"169",3785,"A","T","Sabin1_ref_A3785T","5_percent","pT7_S1F_A3785T"
"170",3836,"A","C","Sabin1_ref_A3836C","5_percent","pT7_S1F_A3836C"
"171",3896,"G","A","Sabin1_ref_G3896A","5_percent","pT7_S1F_G3896A"
"172",3898,"A","C","Sabin1_ref_A3898C","5_percent","pT7_S1F_A3898C"
"173",3919,"T","C","Sabin1_ref_T3919C","5_percent","pT7_S1F_T3919C"
"174",4003,"T","C","Sabin1_ref_T4003C","5_percent","pT7_S1F_T4003C"
"175",4116,"C","T","Sabin1_ref_C4116T","5_percent","pT7_S1F_C4116T"
"176",4435,"A","C","Sabin1_ref_A4435C","5_percent","pT7_S1F_A4435C"
"177",4444,"C","T","Sabin1_ref_C4444T","5_percent","pT7_S1F_C4444T"
"178",4789,"G","A","Sabin1_ref_G4789A","5_percent","pT7_S1F_G4789A"
"179",4831,"T","C","Sabin1_ref_T4831C","5_percent","pT7_S1F_T4831C"
"180",4834,"A","G","Sabin1_ref_A4834G","5_percent","pT7_S1F_A4834G"
"181",5107,"C","T","Sabin1_ref_C5107T","5_percent","pT7_S1F_C5107T"
"182",5137,"G","A","Sabin1_ref_G5137A","5_percent","pT7_S1F_G5137A"
"183",5242,"C","T","Sabin1_ref_C5242T","5_percent","pT7_S1F_C5242T"
"184",5350,"C","T","Sabin1_ref_C5350T","5_percent","pT7_S1F_C5350T"
"185",5420,"A","C","Sabin1_ref_A5420C","5_percent","pT7_S1F_A5420C"
"186",5440,"G","A","Sabin1_ref_G5440A","5_percent","pT7_S1F_G5440A"
"187",5737,"A","G","Sabin1_ref_A5737G","5_percent","pT7_S1F_A5737G"
"188",6143,"A","G","Sabin1_ref_A6143G","5_percent","pT7_S1F_A6143G"
"189",6187,"C","T","Sabin1_ref_C6187T","5_percent","pT7_S1F_C6187T"
"190",6203,"C","T","Sabin1_ref_C6203T","5_percent","pT7_S1F_C6203T"
"191",6261,"C","T","Sabin1_ref_C6261T","5_percent","pT7_S1F_C6261T"
"192",6373,"T","C","Sabin1_ref_T6373C","5_percent","pT7_S1F_T6373C"
"193",6616,"A","G","Sabin1_ref_A6616G","5_percent","pT7_S1F_A6616G"
"194",6679,"C","T","Sabin1_ref_C6679T","5_percent","pT7_S1F_C6679T"
"195",6853,"T","C","Sabin1_ref_T6853C","5_percent","pT7_S1F_T6853C"
"196",7071,"T","C","Sabin1_ref_T7071C","5_percent","pT7_S1F_T7071C"
"197",7198,"A","T","Sabin1_ref_A7198T","5_percent","pT7_S1F_A7198T"
"198",7243,"A","T","Sabin1_ref_A7243T","5_percent","pT7_S1F_A7243T"
"199",189,"T","C","Sabin1_ref_T189C","2_percent","pT7_S1F_T189C"
"200",480,"G","A","Sabin1_ref_G480A","2_percent","pT7_S1F_G480A"
"201",649,"T","C","Sabin1_ref_T649C","2_percent","pT7_S1F_T649C"
"202",674,"T","C","Sabin1_ref_T674C","2_percent","pT7_S1F_T674C"
"203",806,"G","A","Sabin1_ref_G806A","2_percent","pT7_S1F_G806A"
"204",935,"T","G","Sabin1_ref_T935G","2_percent","pT7_S1F_T935G"
"205",1208,"C","A","Sabin1_ref_C1208A","2_percent","pT7_S1F_C1208A"
"206",1228,"C","G","Sabin1_ref_C1228G","2_percent","pT7_S1F_C1228G"
"207",1442,"G","A","Sabin1_ref_G1442A","2_percent","pT7_S1F_G1442A"
"208",1465,"T","C","Sabin1_ref_T1465C","2_percent","pT7_S1F_T1465C"
"209",1490,"T","C","Sabin1_ref_T1490C","2_percent","pT7_S1F_T1490C"
"210",1507,"A","G","Sabin1_ref_A1507G","2_percent","pT7_S1F_A1507G"
"211",1747,"T","C","Sabin1_ref_T1747C","2_percent","pT7_S1F_T1747C"
"212",1885,"T","A","Sabin1_ref_T1885A","2_percent","pT7_S1F_T1885A"
"213",1942,"A","C","Sabin1_ref_A1942C","2_percent","pT7_S1F_A1942C"
"214",1944,"A","C","Sabin1_ref_A1944C","2_percent","pT7_S1F_A1944C"
"215",2035,"T","C","Sabin1_ref_T2035C","2_percent","pT7_S1F_T2035C"
"216",2353,"C","T","Sabin1_ref_C2353T","2_percent","pT7_S1F_C2353T"
"217",2438,"A","T","Sabin1_ref_A2438T","2_percent","pT7_S1F_A2438T"
"218",2545,"G","A","Sabin1_ref_G2545A","2_percent","pT7_S1F_G2545A"
"219",2585,"G","A","Sabin1_ref_G2585A","2_percent","pT7_S1F_G2585A"
"220",2741,"G","A","Sabin1_ref_G2741A","2_percent","pT7_S1F_G2741A"
"221",2749,"A","G","Sabin1_ref_A2749G","2_percent","pT7_S1F_A2749G"
"222",2762,"T","C","Sabin1_ref_T2762C","2_percent","pT7_S1F_T2762C"
"223",2775,"A","C","Sabin1_ref_A2775C","2_percent","pT7_S1F_A2775C"
"224",2791,"A","T","Sabin1_ref_A2791T","2_percent","pT7_S1F_A2791T"
"225",2795,"A","G","Sabin1_ref_A2795G","2_percent","pT7_S1F_A2795G"
"226",2879,"T","C","Sabin1_ref_T2879C","2_percent","pT7_S1F_T2879C"
"227",2923,"G","C","Sabin1_ref_G2923C","2_percent","pT7_S1F_G2923C"
"228",2929,"C","A","Sabin1_ref_C2929A","2_percent","pT7_S1F_C2929A"
"229",2983,"G","A","Sabin1_ref_G2983A","2_percent","pT7_S1F_G2983A"
"230",3043,"A","G","Sabin1_ref_A3043G","2_percent","pT7_S1F_A3043G"
"231",3163,"C","T","Sabin1_ref_C3163T","2_percent","pT7_S1F_C3163T"
"232",3445,"T","C","Sabin1_ref_T3445C","2_percent","pT7_S1F_T3445C"
"233",3460,"A","T","Sabin1_ref_A3460T","2_percent","pT7_S1F_A3460T"
"234",3492,"A","G","Sabin1_ref_A3492G","2_percent","pT7_S1F_A3492G"
"235",3785,"A","T","Sabin1_ref_A3785T","2_percent","pT7_S1F_A3785T"
"236",3836,"A","C","Sabin1_ref_A3836C","2_percent","pT7_S1F_A3836C"
"237",3896,"G","A","Sabin1_ref_G3896A","2_percent","pT7_S1F_G3896A"
"238",3898,"A","C","Sabin1_ref_A3898C","2_percent","pT7_S1F_A3898C"
"239",3919,"T","C","Sabin1_ref_T3919C","2_percent","pT7_S1F_T3919C"
"240",4003,"T","C","Sabin1_ref_T4003C","2_percent","pT7_S1F_T4003C"
"241",4116,"C","T","Sabin1_ref_C4116T","2_percent","pT7_S1F_C4116T"
"242",4435,"A","C","Sabin1_ref_A4435C","2_percent","pT7_S1F_A4435C"
"243",4444,"C","T","Sabin1_ref_C4444T","2_percent","pT7_S1F_C4444T"
"244",4789,"G","A","Sabin1_ref_G4789A","2_percent","pT7_S1F_G4789A"
"245",4831,"T","C","Sabin1_ref_T4831C","2_percent","pT7_S1F_T4831C"
"246",4834,"A","G","Sabin1_ref_A4834G","2_percent","pT7_S1F_A4834G"
"247",5107,"C","T","Sabin1_ref_C5107T","2_percent","pT7_S1F_C5107T"
"248",5137,"G","A","Sabin1_ref_G5137A","2_percent","pT7_S1F_G5137A"
"249",5242,"C","T","Sabin1_ref_C5242T","2_percent","pT7_S1F_C5242T"
"250",5350,"C","T","Sabin1_ref_C5350T","2_percent","pT7_S1F_C5350T"
"251",5420,"A","C","Sabin1_ref_A5420C","2_percent","pT7_S1F_A5420C"
"252",5440,"G","A","Sabin1_ref_G5440A","2_percent","pT7_S1F_G5440A"
"253",5737,"A","G","Sabin1_ref_A5737G","2_percent","pT7_S1F_A5737G"
"254",6143,"A","G","Sabin1_ref_A6143G","2_percent","pT7_S1F_A6143G"
"255",6187,"C","T","Sabin1_ref_C6187T","2_percent","pT7_S1F_C6187T"
"256",6203,"C","T","Sabin1_ref_C6203T","2_percent","pT7_S1F_C6203T"
"257",6261,"C","T","Sabin1_ref_C6261T","2_percent","pT7_S1F_C6261T"
"258",6373,"T","C","Sabin1_ref_T6373C","2_percent","pT7_S1F_T6373C"
"259",6616,"A","G","Sabin1_ref_A6616G","2_percent","pT7_S1F_A6616G"
"260",6679,"C","T","Sabin1_ref_C6679T","2_percent","pT7_S1F_C6679T"
"261",6853,"T","C","Sabin1_ref_T6853C","2_percent","pT7_S1F_T6853C"
"262",7071,"T","C","Sabin1_ref_T7071C","2_percent","pT7_S1F_T7071C"
"263",7198,"A","T","Sabin1_ref_A7198T","2_percent","pT7_S1F_A7198T"
"264",7243,"A","T","Sabin1_ref_A7243T","2_percent","pT7_S1F_A7243T"
"265",189,"T","C","Sabin1_ref_T189C","1_percent","pT7_S1F_T189C"
"266",480,"G","A","Sabin1_ref_G480A","1_percent","pT7_S1F_G480A"
"267",649,"T","C","Sabin1_ref_T649C","1_percent","pT7_S1F_T649C"
"268",674,"T","C","Sabin1_ref_T674C","1_percent","pT7_S1F_T674C"
"269",806,"G","A","Sabin1_ref_G806A","1_percent","pT7_S1F_G806A"
"270",935,"T","G","Sabin1_ref_T935G","1_percent","pT7_S1F_T935G"
"271",1208,"C","A","Sabin1_ref_C1208A","1_percent","pT7_S1F_C1208A"
"272",1228,"C","G","Sabin1_ref_C1228G","1_percent","pT7_S1F_C1228G"
"273",1442,"G","A","Sabin1_ref_G1442A","1_percent","pT7_S1F_G1442A"
"274",1465,"T","C","Sabin1_ref_T1465C","1_percent","pT7_S1F_T1465C"
"275",1490,"T","C","Sabin1_ref_T1490C","1_percent","pT7_S1F_T1490C"
"276",1507,"A","G","Sabin1_ref_A1507G","1_percent","pT7_S1F_A1507G"
"277",1747,"T","C","Sabin1_ref_T1747C","1_percent","pT7_S1F_T1747C"
"278",1885,"T","A","Sabin1_ref_T1885A","1_percent","pT7_S1F_T1885A"
"279",1942,"A","C","Sabin1_ref_A1942C","1_percent","pT7_S1F_A1942C"
"280",1944,"A","C","Sabin1_ref_A1944C","1_percent","pT7_S1F_A1944C"
"281",2035,"T","C","Sabin1_ref_T2035C","1_percent","pT7_S1F_T2035C"
"282",2353,"C","T","Sabin1_ref_C2353T","1_percent","pT7_S1F_C2353T"
"283",2438,"A","T","Sabin1_ref_A2438T","1_percent","pT7_S1F_A2438T"
"284",2545,"G","A","Sabin1_ref_G2545A","1_percent","pT7_S1F_G2545A"
"285",2585,"G","A","Sabin1_ref_G2585A","1_percent","pT7_S1F_G2585A"
"286",2741,"G","A","Sabin1_ref_G2741A","1_percent","pT7_S1F_G2741A"
"287",2749,"A","G","Sabin1_ref_A2749G","1_percent","pT7_S1F_A2749G"
"288",2762,"T","C","Sabin1_ref_T2762C","1_percent","pT7_S1F_T2762C"
"289",2775,"A","C","Sabin1_ref_A2775C","1_percent","pT7_S1F_A2775C"
"290",2791,"A","T","Sabin1_ref_A2791T","1_percent","pT7_S1F_A2791T"
"291",2795,"A","G","Sabin1_ref_A2795G","1_percent","pT7_S1F_A2795G"
"292",2879,"T","C","Sabin1_ref_T2879C","1_percent","pT7_S1F_T2879C"
"293",2923,"G","C","Sabin1_ref_G2923C","1_percent","pT7_S1F_G2923C"
"294",2929,"C","A","Sabin1_ref_C2929A","1_percent","pT7_S1F_C2929A"
"295",2983,"G","A","Sabin1_ref_G2983A","1_percent","pT7_S1F_G2983A"
"296",3043,"A","G","Sabin1_ref_A3043G","1_percent","pT7_S1F_A3043G"
"297",3163,"C","T","Sabin1_ref_C3163T","1_percent","pT7_S1F_C3163T"
"298",3445,"T","C","Sabin1_ref_T3445C","1_percent","pT7_S1F_T3445C"
"299",3460,"A","T","Sabin1_ref_A3460T","1_percent","pT7_S1F_A3460T"
"300",3492,"A","G","Sabin1_ref_A3492G","1_percent","pT7_S1F_A3492G"
"301",3785,"A","T","Sabin1_ref_A3785T","1_percent","pT7_S1F_A3785T"
"302",3836,"A","C","Sabin1_ref_A3836C","1_percent","pT7_S1F_A3836C"
"303",3896,"G","A","Sabin1_ref_G3896A","1_percent","pT7_S1F_G3896A"
"304",3898,"A","C","Sabin1_ref_A3898C","1_percent","pT7_S1F_A3898C"
"305",3919,"T","C","Sabin1_ref_T3919C","1_percent","pT7_S1F_T3919C"
"306",4003,"T","C","Sabin1_ref_T4003C","1_percent","pT7_S1F_T4003C"
"307",4116,"C","T","Sabin1_ref_C4116T","1_percent","pT7_S1F_C4116T"
"308",4435,"A","C","Sabin1_ref_A4435C","1_percent","pT7_S1F_A4435C"
"309",4444,"C","T","Sabin1_ref_C4444T","1_percent","pT7_S1F_C4444T"
"310",4789,"G","A","Sabin1_ref_G4789A","1_percent","pT7_S1F_G4789A"
"311",4831,"T","C","Sabin1_ref_T4831C","1_percent","pT7_S1F_T4831C"
"312",4834,"A","G","Sabin1_ref_A4834G","1_percent","pT7_S1F_A4834G"
"313",5107,"C","T","Sabin1_ref_C5107T","1_percent","pT7_S1F_C5107T"
"314",5137,"G","A","Sabin1_ref_G5137A","1_percent","pT7_S1F_G5137A"
"315",5242,"C","T","Sabin1_ref_C5242T","1_percent","pT7_S1F_C5242T"
"316",5350,"C","T","Sabin1_ref_C5350T","1_percent","pT7_S1F_C5350T"
"317",5420,"A","C","Sabin1_ref_A5420C","1_percent","pT7_S1F_A5420C"
"318",5440,"G","A","Sabin1_ref_G5440A","1_percent","pT7_S1F_G5440A"
"319",5737,"A","G","Sabin1_ref_A5737G","1_percent","pT7_S1F_A5737G"
"320",6143,"A","G","Sabin1_ref_A6143G","1_percent","pT7_S1F_A6143G"
"321",6187,"C","T","Sabin1_ref_C6187T","1_percent","pT7_S1F_C6187T"
"322",6203,"C","T","Sabin1_ref_C6203T","1_percent","pT7_S1F_C6203T"
"323",6261,"C","T","Sabin1_ref_C6261T","1_percent","pT7_S1F_C6261T"
"324",6373,"T","C","Sabin1_ref_T6373C","1_percent","pT7_S1F_T6373C"
"325",6616,"A","G","Sabin1_ref_A6616G","1_percent","pT7_S1F_A6616G"
"326",6679,"C","T","Sabin1_ref_C6679T","1_percent","pT7_S1F_C6679T"
"327",6853,"T","C","Sabin1_ref_T6853C","1_percent","pT7_S1F_T6853C"
"328",7071,"T","C","Sabin1_ref_T7071C","1_percent","pT7_S1F_T7071C"
"329",7198,"A","T","Sabin1_ref_A7198T","1_percent","pT7_S1F_A7198T"
"330",7243,"A","T","Sabin1_ref_A7243T","1_percent","pT7_S1F_A7243T"
