,Unnamed: 0.1,Id,chr,cov.ctrl.bw,cov.ctrl.fw,cov.tst.bw,cov.tst.fw,freq.var,mutation,n.ctrl.bw,n.ctrl.fw,n.tst.bw,n.tst.fw,p.val,pos,raw.p.val,ref,sigma2.freq.var,var,MapQ,Phred,Read_pos,OR,coding_pos,Ref_AA,AA_pos,Var_AA,Class
0,0,132076.0,Sabin2ref,3166.0,2780.0,0.0,1.0,1.0,Sabin2ref_A2447A,3166.0,2780.0,0.0,1.0,,2447.0,,A,,A,,,,['Sabin2ref'],[1700],['D'],[567],['D'],['Syn']
1,1,132076.0,Sabin2ref,3131.0,2952.0,0.0,1.0,1.0,Sabin2ref_T2448T,3131.0,2952.0,0.0,1.0,,2448.0,,T,,T,,,,['Sabin2ref'],[1701],['D'],[567],['D'],['Syn']
2,2,132076.0,Sabin2ref,3048.0,2946.0,0.0,1.0,1.0,Sabin2ref_A2449A,3045.0,2943.0,0.0,1.0,,2449.0,,A,,A,,,,['Sabin2ref'],[1702],['T'],[568],['T'],['Syn']
3,3,132076.0,Sabin2ref,3111.0,2986.0,0.0,1.0,1.0,Sabin2ref_C2450C,3110.0,2986.0,0.0,1.0,,2450.0,,C,,C,,,,['Sabin2ref'],[1703],['T'],[568],['T'],['Syn']
4,4,132076.0,Sabin2ref,3130.0,2968.0,0.0,1.0,1.0,Sabin2ref_A2451A,3129.0,2968.0,0.0,1.0,,2451.0,,A,,A,,,,['Sabin2ref'],[1704],['T'],[568],['T'],['Syn']
5,5,132076.0,Sabin2ref,3082.0,3010.0,0.0,1.0,1.0,Sabin2ref_A2452A,3082.0,3010.0,0.0,1.0,,2452.0,,A,,A,,,,['Sabin2ref'],[1705],['T'],[569],['T'],['Syn']
6,6,132076.0,Sabin2ref,3080.0,3027.0,0.0,1.0,1.0,Sabin2ref_C2453C,3079.0,3025.0,0.0,1.0,,2453.0,,C,,C,,,,['Sabin2ref'],[1706],['T'],[569],['T'],['Syn']
7,7,132076.0,Sabin2ref,2917.0,3006.0,0.0,1.0,1.0,Sabin2ref_A2454A,2917.0,3006.0,0.0,1.0,,2454.0,,A,,A,,,,['Sabin2ref'],[1707],['T'],[569],['T'],['Syn']
8,8,132076.0,Sabin2ref,3051.0,3034.0,0.0,1.0,1.0,Sabin2ref_C2455C,3049.0,3032.0,0.0,1.0,,2455.0,,C,,C,,,,['Sabin2ref'],[1708],['H'],[570],['H'],['Syn']
9,9,132076.0,Sabin2ref,2847.0,3027.0,0.0,1.0,1.0,Sabin2ref_A2456A,2846.0,3026.0,0.0,1.0,,2456.0,,A,,A,,,,['Sabin2ref'],[1709],['H'],[570],['H'],['Syn']
10,10,132076.0,Sabin2ref,3040.0,3061.0,0.0,1.0,1.0,Sabin2ref_C2457C,3039.0,3060.0,0.0,1.0,,2457.0,,C,,C,,,,['Sabin2ref'],[1710],['H'],[570],['H'],['Syn']
11,11,132076.0,Sabin2ref,3017.0,2994.0,0.0,1.0,1.0,Sabin2ref_A2458A,3017.0,2994.0,0.0,1.0,,2458.0,,A,,A,,,,['Sabin2ref'],[1711],['I'],[571],['I'],['Syn']
12,12,132076.0,Sabin2ref,2934.0,3066.0,0.0,1.0,1.0,Sabin2ref_T2459T,2934.0,3065.0,0.0,1.0,,2459.0,,T,,T,,,,['Sabin2ref'],[1712],['I'],[571],['I'],['Syn']
13,13,132076.0,Sabin2ref,2990.0,3027.0,0.0,1.0,1.0,Sabin2ref_T2460T,2990.0,3027.0,0.0,1.0,,2460.0,,T,,T,,,,['Sabin2ref'],[1713],['I'],[571],['I'],['Syn']
14,14,132076.0,Sabin2ref,3031.0,3099.0,0.0,1.0,1.0,Sabin2ref_A2461A,3029.0,3097.0,0.0,1.0,,2461.0,,A,,A,,,,['Sabin2ref'],[1714],['S'],[572],['S'],['Syn']
15,15,132076.0,Sabin2ref,3113.0,3122.0,0.0,1.0,1.0,Sabin2ref_G2462G,3113.0,3120.0,0.0,1.0,,2462.0,,G,,G,,,,['Sabin2ref'],[1715],['S'],[572],['S'],['Syn']
16,16,132076.0,Sabin2ref,2981.0,3089.0,0.0,1.0,1.0,Sabin2ref_T2463T,2981.0,3089.0,0.0,1.0,,2463.0,,T,,T,,,,['Sabin2ref'],[1716],['S'],[572],['S'],['Syn']
17,17,132076.0,Sabin2ref,3095.0,3111.0,0.0,1.0,1.0,Sabin2ref_C2464C,3094.0,3111.0,0.0,1.0,,2464.0,,C,,C,,,,['Sabin2ref'],[1717],['Q'],[573],['Q'],['Syn']
18,18,132076.0,Sabin2ref,3093.0,3080.0,0.0,1.0,1.0,Sabin2ref_A2465A,3093.0,3080.0,0.0,1.0,,2465.0,,A,,A,,,,['Sabin2ref'],[1718],['Q'],[573],['Q'],['Syn']
19,19,132076.0,Sabin2ref,3049.0,3012.0,0.0,1.0,1.0,Sabin2ref_A2466A,3048.0,3010.0,0.0,1.0,,2466.0,,A,,A,,,,['Sabin2ref'],[1719],['Q'],[573],['Q'],['Syn']
20,20,132076.0,Sabin2ref,3092.0,2961.0,0.0,1.0,1.0,Sabin2ref_G2467G,3092.0,2961.0,0.0,1.0,,2467.0,,G,,G,,,,['Sabin2ref'],[1720],['E'],[574],['E'],['Syn']
21,21,132076.0,Sabin2ref,3018.0,2973.0,0.0,1.0,1.0,Sabin2ref_A2468A,3016.0,2972.0,0.0,1.0,,2468.0,,A,,A,,,,['Sabin2ref'],[1721],['E'],[574],['E'],['Syn']
22,22,132076.0,Sabin2ref,3074.0,3021.0,0.0,1.0,1.0,Sabin2ref_G2469G,3074.0,3020.0,0.0,1.0,,2469.0,,G,,G,,,,['Sabin2ref'],[1722],['E'],[574],['E'],['Syn']
23,23,132076.0,Sabin2ref,2994.0,2973.0,0.0,1.0,1.0,Sabin2ref_G2470G,2993.0,2971.0,0.0,1.0,,2470.0,,G,,G,,,,['Sabin2ref'],[1723],['A'],[575],['A'],['Syn']
24,24,132076.0,Sabin2ref,2838.0,3006.0,0.0,1.0,1.0,Sabin2ref_C2471C,2837.0,3005.0,0.0,1.0,,2471.0,,C,,C,,,,['Sabin2ref'],[1724],['A'],[575],['A'],['Syn']
25,25,132076.0,Sabin2ref,2969.0,2992.0,0.0,1.0,1.0,Sabin2ref_T2472T,2968.0,2991.0,0.0,1.0,,2472.0,,T,,T,,,,['Sabin2ref'],[1725],['A'],[575],['A'],['Syn']
26,26,132076.0,Sabin2ref,3009.0,3018.0,0.0,1.0,1.0,Sabin2ref_A2473A,3009.0,3018.0,0.0,1.0,,2473.0,,A,,A,,,,['Sabin2ref'],[1726],['M'],[576],['M'],['Syn']
27,27,132076.0,Sabin2ref,2956.0,3028.0,0.0,1.0,1.0,Sabin2ref_T2474T,2955.0,3027.0,0.0,1.0,,2474.0,,T,,T,,,,['Sabin2ref'],[1727],['M'],[576],['M'],['Syn']
28,28,132076.0,Sabin2ref,3006.0,2977.0,0.0,1.0,1.0,Sabin2ref_G2475G,3006.0,2977.0,0.0,1.0,,2475.0,,G,,G,,,,['Sabin2ref'],[1728],['M'],[576],['M'],['Syn']
29,29,132076.0,Sabin2ref,2870.0,2982.0,0.0,1.0,1.0,Sabin2ref_C2476C,2868.0,2981.0,0.0,1.0,,2476.0,,C,,C,,,,['Sabin2ref'],[1729],['P'],[577],['P'],['Syn']
30,30,132076.0,Sabin2ref,2941.0,2950.0,0.0,1.0,1.0,Sabin2ref_C2477C,2940.0,2950.0,0.0,1.0,,2477.0,,C,,C,,,,['Sabin2ref'],[1730],['P'],[577],['P'],['Syn']
31,31,132076.0,Sabin2ref,2835.0,2910.0,0.0,1.0,1.0,Sabin2ref_A2478A,2833.0,2907.0,0.0,1.0,,2478.0,,A,,A,,,,['Sabin2ref'],[1731],['P'],[577],['P'],['Syn']
32,32,132076.0,Sabin2ref,2888.0,2937.0,0.0,1.0,1.0,Sabin2ref_C2479C,2888.0,2936.0,0.0,1.0,,2479.0,,C,,C,,,,['Sabin2ref'],[1732],['Q'],[578],['Q'],['Syn']
33,33,132076.0,Sabin2ref,2989.0,2883.0,0.0,1.0,1.0,Sabin2ref_A2480A,2989.0,2882.0,0.0,1.0,,2480.0,,A,,A,,,,['Sabin2ref'],[1733],['Q'],[578],['Q'],['Syn']
34,34,132076.0,Sabin2ref,3017.0,2837.0,0.0,1.0,1.0,Sabin2ref_A2481A,3016.0,2837.0,0.0,1.0,,2481.0,,A,,A,,,,['Sabin2ref'],[1734],['Q'],[578],['Q'],['Syn']
35,35,132076.0,Sabin2ref,2997.0,2849.0,0.0,1.0,1.0,Sabin2ref_G2482G,2997.0,2849.0,0.0,1.0,,2482.0,,G,,G,,,,['Sabin2ref'],[1735],['G'],[579],['G'],['Syn']
36,36,132076.0,Sabin2ref,3012.0,2876.0,0.0,1.0,1.0,Sabin2ref_G2483G,3012.0,2876.0,0.0,1.0,,2483.0,,G,,G,,,,['Sabin2ref'],[1736],['G'],[579],['G'],['Syn']
37,37,132076.0,Sabin2ref,3038.0,2832.0,0.0,1.0,1.0,Sabin2ref_A2484A,3037.0,2831.0,0.0,1.0,,2484.0,,A,,A,,,,['Sabin2ref'],[1737],['G'],[579],['G'],['Syn']
38,38,132076.0,Sabin2ref,3017.0,2856.0,0.0,1.0,1.0,Sabin2ref_A2485A,3016.0,2856.0,0.0,1.0,,2485.0,,A,,A,,,,['Sabin2ref'],[1738],['I'],[580],['I'],['Syn']
39,39,132076.0,Sabin2ref,2957.0,2897.0,0.0,1.0,1.0,Sabin2ref_T2486T,2956.0,2897.0,0.0,1.0,,2486.0,,T,,T,,,,['Sabin2ref'],[1739],['I'],[580],['I'],['Syn']
40,40,132076.0,Sabin2ref,3005.0,2907.0,0.0,1.0,1.0,Sabin2ref_T2487T,3004.0,2906.0,0.0,1.0,,2487.0,,T,,T,,,,['Sabin2ref'],[1740],['I'],[580],['I'],['Syn']
41,41,132076.0,Sabin2ref,3043.0,2909.0,0.0,1.0,1.0,Sabin2ref_G2488G,3043.0,2909.0,0.0,1.0,,2488.0,,G,,G,,,,['Sabin2ref'],[1741],['G'],[581],['G'],['Syn']
42,42,132076.0,Sabin2ref,3013.0,2875.0,0.0,1.0,1.0,Sabin2ref_G2489G,3012.0,2874.0,0.0,1.0,,2489.0,,G,,G,,,,['Sabin2ref'],[1742],['G'],[581],['G'],['Syn']
43,43,132076.0,Sabin2ref,2984.0,2673.0,0.0,1.0,1.0,Sabin2ref_T2490T,2984.0,2673.0,0.0,1.0,,2490.0,,T,,T,,,,['Sabin2ref'],[1743],['G'],[581],['G'],['Syn']
44,44,132076.0,Sabin2ref,3002.0,2768.0,0.0,1.0,1.0,Sabin2ref_G2491G,3002.0,2768.0,0.0,1.0,,2491.0,,G,,G,,,,['Sabin2ref'],[1744],['D'],[582],['D'],['Syn']
45,45,132076.0,Sabin2ref,2900.0,2829.0,0.0,1.0,1.0,Sabin2ref_A2492A,2899.0,2828.0,0.0,1.0,,2492.0,,A,,A,,,,['Sabin2ref'],[1745],['D'],[582],['D'],['Syn']
46,46,132076.0,Sabin2ref,2973.0,2866.0,0.0,1.0,1.0,Sabin2ref_C2493C,2973.0,2866.0,0.0,1.0,,2493.0,,C,,C,,,,['Sabin2ref'],[1746],['D'],[582],['D'],['Syn']
47,47,132076.0,Sabin2ref,2991.0,2855.0,0.0,1.0,1.0,Sabin2ref_A2494A,2991.0,2855.0,0.0,1.0,,2494.0,,A,,A,,,,['Sabin2ref'],[1747],['M'],[583],['M'],['Syn']
48,48,132076.0,Sabin2ref,2980.0,2892.0,0.0,1.0,1.0,Sabin2ref_T2495T,2978.0,2892.0,0.0,1.0,,2495.0,,T,,T,,,,['Sabin2ref'],[1748],['M'],[583],['M'],['Syn']
49,49,132076.0,Sabin2ref,3020.0,2904.0,0.0,1.0,1.0,Sabin2ref_G2496G,3020.0,2903.0,0.0,1.0,,2496.0,,G,,G,,,,['Sabin2ref'],[1749],['M'],[583],['M'],['Syn']
50,50,132076.0,Sabin2ref,2969.0,2857.0,0.0,1.0,1.0,Sabin2ref_A2497A,2968.0,2857.0,0.0,1.0,,2497.0,,A,,A,,,,['Sabin2ref'],[1750],['I'],[584],['I'],['Syn']
51,51,132076.0,Sabin2ref,2967.0,2898.0,0.0,1.0,1.0,Sabin2ref_T2498T,2966.0,2898.0,0.0,1.0,,2498.0,,T,,T,,,,['Sabin2ref'],[1751],['I'],[584],['I'],['Syn']
52,52,132076.0,Sabin2ref,2954.0,2918.0,0.0,1.0,1.0,Sabin2ref_T2499T,2953.0,2918.0,0.0,1.0,,2499.0,,T,,T,,,,['Sabin2ref'],[1752],['I'],[584],['I'],['Syn']
53,53,132076.0,Sabin2ref,3020.0,2874.0,1.0,1.0,1.0,Sabin2ref_G2500G,3019.0,2874.0,1.0,1.0,,2500.0,,G,,G,,,,['Sabin2ref'],[1753],['E'],[585],['E'],['Syn']
54,54,132076.0,Sabin2ref,2865.0,2832.0,1.0,1.0,1.0,Sabin2ref_A2501A,2864.0,2831.0,1.0,1.0,,2501.0,,A,,A,,,,['Sabin2ref'],[1754],['E'],[585],['E'],['Syn']
55,55,132076.0,Sabin2ref,3011.0,2834.0,1.0,1.0,1.0,Sabin2ref_G2502G,3010.0,2834.0,1.0,1.0,,2502.0,,G,,G,,,,['Sabin2ref'],[1755],['E'],[585],['E'],['Syn']
56,56,132076.0,Sabin2ref,2956.0,2767.0,1.0,1.0,1.0,Sabin2ref_G2503G,2956.0,2767.0,1.0,1.0,,2503.0,,G,,G,,,,['Sabin2ref'],[1756],['G'],[586],['G'],['Syn']
57,57,132076.0,Sabin2ref,2821.0,2684.0,0.0,1.0,1.0,Sabin2ref_G2504G,2821.0,2684.0,0.0,1.0,,2504.0,,G,,G,,,,['Sabin2ref'],[1757],['G'],[586],['G'],['Syn']
58,58,132076.0,Sabin2ref,2868.0,2677.0,0.0,1.0,1.0,Sabin2ref_G2505G,2868.0,2677.0,0.0,1.0,,2505.0,,G,,G,,,,['Sabin2ref'],[1758],['G'],[586],['G'],['Syn']
59,59,132076.0,Sabin2ref,2841.0,2711.0,0.0,1.0,1.0,Sabin2ref_G2506G,2840.0,2711.0,0.0,1.0,,2506.0,,G,,G,,,,['Sabin2ref'],[1759],['A'],[587],['A'],['Syn']
60,60,132076.0,Sabin2ref,2845.0,2749.0,1.0,1.0,1.0,Sabin2ref_C2507C,2842.0,2744.0,1.0,1.0,,2507.0,,C,,C,,,,['Sabin2ref'],[1760],['A'],[587],['A'],['Syn']
61,61,132076.0,Sabin2ref,2903.0,2734.0,1.0,1.0,1.0,Sabin2ref_C2508C,2901.0,2733.0,1.0,1.0,,2508.0,,C,,C,,,,['Sabin2ref'],[1761],['A'],[587],['A'],['Syn']
62,62,132076.0,Sabin2ref,2994.0,2848.0,1.0,1.0,1.0,Sabin2ref_G2509G,2992.0,2847.0,1.0,1.0,,2509.0,,G,,G,,,,['Sabin2ref'],[1762],['V'],[588],['V'],['Syn']
63,63,132076.0,Sabin2ref,3000.0,2704.0,1.0,1.0,1.0,Sabin2ref_T2510T,3000.0,2704.0,1.0,1.0,,2510.0,,T,,T,,,,['Sabin2ref'],[1763],['V'],[588],['V'],['Syn']
64,64,132076.0,Sabin2ref,3003.0,2759.0,1.0,1.0,1.0,Sabin2ref_T2511T,3003.0,2759.0,1.0,1.0,,2511.0,,T,,T,,,,['Sabin2ref'],[1764],['V'],[588],['V'],['Syn']
65,65,132076.0,Sabin2ref,3033.0,2790.0,1.0,1.0,1.0,Sabin2ref_G2512G,3032.0,2790.0,1.0,1.0,,2512.0,,G,,G,,,,['Sabin2ref'],[1765],['E'],[589],['E'],['Syn']
66,66,132076.0,Sabin2ref,3072.0,2646.0,1.0,1.0,1.0,Sabin2ref_A2513A,3071.0,2646.0,1.0,1.0,,2513.0,,A,,A,,,,['Sabin2ref'],[1766],['E'],[589],['E'],['Syn']
67,67,132076.0,Sabin2ref,3071.0,2695.0,1.0,1.0,1.0,Sabin2ref_A2514A,3069.0,2694.0,1.0,1.0,,2514.0,,A,,A,,,,['Sabin2ref'],[1767],['E'],[589],['E'],['Syn']
68,68,132076.0,Sabin2ref,3125.0,2740.0,1.0,1.0,1.0,Sabin2ref_G2515G,3125.0,2740.0,1.0,1.0,,2515.0,,G,,G,,,,['Sabin2ref'],[1768],['G'],[590],['G'],['Syn']
69,69,132076.0,Sabin2ref,3069.0,2743.0,1.0,1.0,1.0,Sabin2ref_G2516G,3069.0,2742.0,1.0,1.0,,2516.0,,G,,G,,,,['Sabin2ref'],[1769],['G'],[590],['G'],['Syn']
70,70,132076.0,Sabin2ref,3051.0,2690.0,1.0,1.0,1.0,Sabin2ref_G2517G,3051.0,2690.0,1.0,1.0,,2517.0,,G,,G,,,,['Sabin2ref'],[1770],['G'],[590],['G'],['Syn']
71,71,132076.0,Sabin2ref,2996.0,2573.0,1.0,1.0,1.0,Sabin2ref_A2518A,2996.0,2573.0,1.0,1.0,,2518.0,,A,,A,,,,['Sabin2ref'],[1771],['I'],[591],['I'],['Syn']
72,72,132076.0,Sabin2ref,2976.0,2652.0,1.0,1.0,1.0,Sabin2ref_T2519T,2976.0,2652.0,1.0,1.0,,2519.0,,T,,T,,,,['Sabin2ref'],[1772],['I'],[591],['I'],['Syn']
73,73,132076.0,Sabin2ref,2966.0,2688.0,1.0,1.0,1.0,Sabin2ref_T2520T,2965.0,2687.0,1.0,1.0,,2520.0,,T,,T,,,,['Sabin2ref'],[1773],['I'],[591],['I'],['Syn']
74,74,132076.0,Sabin2ref,2826.0,2685.0,1.0,1.0,1.0,Sabin2ref_A2521A,2823.0,2685.0,1.0,1.0,,2521.0,,A,,A,,,,['Sabin2ref'],[1774],['T'],[592],['T'],['Syn']
75,75,132076.0,Sabin2ref,3081.0,2704.0,1.0,1.0,1.0,Sabin2ref_C2522C,3080.0,2704.0,1.0,1.0,,2522.0,,C,,C,,,,['Sabin2ref'],[1775],['T'],[592],['T'],['Syn']
76,76,132076.0,Sabin2ref,3019.0,2696.0,1.0,1.0,1.0,Sabin2ref_T2523T,3019.0,2696.0,1.0,1.0,,2523.0,,T,,T,,,,['Sabin2ref'],[1776],['T'],[592],['T'],['Syn']
77,77,132076.0,Sabin2ref,3125.0,2692.0,1.0,1.0,1.0,Sabin2ref_A2524A,3122.0,2690.0,1.0,1.0,,2524.0,,A,,A,,,,['Sabin2ref'],[1777],['K'],[593],['K'],['Syn']
78,78,132076.0,Sabin2ref,3087.0,2639.0,1.0,1.0,1.0,Sabin2ref_A2525A,3086.0,2638.0,1.0,1.0,,2525.0,,A,,A,,,,['Sabin2ref'],[1778],['K'],[593],['K'],['Syn']
79,79,132076.0,Sabin2ref,3066.0,2672.0,1.0,1.0,1.0,Sabin2ref_A2526A,3065.0,2671.0,1.0,1.0,,2526.0,,A,,A,,,,['Sabin2ref'],[1779],['K'],[593],['K'],['Syn']
80,80,132076.0,Sabin2ref,3082.0,2668.0,1.0,1.0,1.0,Sabin2ref_A2527A,3081.0,2668.0,1.0,1.0,,2527.0,,A,,A,,,,['Sabin2ref'],[1780],['N'],[594],['N'],['Syn']
81,81,132076.0,Sabin2ref,3056.0,2644.0,1.0,1.0,1.0,Sabin2ref_A2528A,3055.0,2643.0,1.0,1.0,,2528.0,,A,,A,,,,['Sabin2ref'],[1781],['N'],[594],['N'],['Syn']
82,82,132076.0,Sabin2ref,2951.0,2659.0,1.0,1.0,1.0,Sabin2ref_T2529T,2949.0,2658.0,1.0,1.0,,2529.0,,T,,T,,,,['Sabin2ref'],[1782],['N'],[594],['N'],['Syn']
83,83,132076.0,Sabin2ref,3066.0,2615.0,0.0,1.0,1.0,Sabin2ref_G2530G,3063.0,2614.0,0.0,1.0,,2530.0,,G,,G,,,,['Sabin2ref'],[1783],['A'],[595],['A'],['Syn']
84,84,132076.0,Sabin2ref,3050.0,2609.0,0.0,1.0,1.0,Sabin2ref_C2531C,3050.0,2609.0,0.0,1.0,,2531.0,,C,,C,,,,['Sabin2ref'],[1784],['A'],[595],['A'],['Syn']
85,85,132076.0,Sabin2ref,3008.0,2588.0,1.0,1.0,1.0,Sabin2ref_A2532A,3008.0,2588.0,1.0,1.0,,2532.0,,A,,A,,,,['Sabin2ref'],[1785],['A'],[595],['A'],['Syn']
86,86,132076.0,Sabin2ref,2923.0,2534.0,1.0,1.0,1.0,Sabin2ref_T2533T,2922.0,2534.0,1.0,1.0,,2533.0,,T,,T,,,,['Sabin2ref'],[1786],['L'],[596],['L'],['Syn']
87,87,132076.0,Sabin2ref,2891.0,2515.0,1.0,1.0,1.0,Sabin2ref_T2534T,2888.0,2513.0,1.0,1.0,,2534.0,,T,,T,,,,['Sabin2ref'],[1787],['L'],[596],['L'],['Syn']
88,88,132076.0,Sabin2ref,3063.0,2535.0,1.0,1.0,1.0,Sabin2ref_G2535G,3062.0,2534.0,1.0,1.0,,2535.0,,G,,G,,,,['Sabin2ref'],[1788],['L'],[596],['L'],['Syn']
89,89,132076.0,Sabin2ref,2984.0,2511.0,1.0,1.0,1.0,Sabin2ref_G2536G,2984.0,2511.0,1.0,1.0,,2536.0,,G,,G,,,,['Sabin2ref'],[1789],['V'],[597],['V'],['Syn']
90,90,132076.0,Sabin2ref,2828.0,2464.0,1.0,1.0,1.0,Sabin2ref_T2537T,2826.0,2462.0,1.0,1.0,,2537.0,,T,,T,,,,['Sabin2ref'],[1790],['V'],[597],['V'],['Syn']
91,91,132076.0,Sabin2ref,2362.0,2462.0,0.0,1.0,1.0,Sabin2ref_T2538T,2361.0,2461.0,0.0,1.0,,2538.0,,T,,T,,,,['Sabin2ref'],[1791],['V'],[597],['V'],['Syn']
92,92,132076.0,Sabin2ref,2964.0,2470.0,1.0,1.0,1.0,Sabin2ref_C2539C,2958.0,2465.0,1.0,1.0,,2539.0,,C,,C,,,,['Sabin2ref'],[1792],['P'],[598],['P'],['Syn']
93,93,132076.0,Sabin2ref,2965.0,2461.0,1.0,1.0,1.0,Sabin2ref_C2540C,2962.0,2460.0,1.0,1.0,,2540.0,,C,,C,,,,['Sabin2ref'],[1793],['P'],[598],['P'],['Syn']
94,94,132076.0,Sabin2ref,2973.0,2475.0,1.0,1.0,1.0,Sabin2ref_C2541C,2972.0,2474.0,1.0,1.0,,2541.0,,C,,C,,,,['Sabin2ref'],[1794],['P'],[598],['P'],['Syn']
95,95,132076.0,Sabin2ref,2966.0,2432.0,1.0,1.0,1.0,Sabin2ref_C2542C,2964.0,2432.0,1.0,1.0,,2542.0,,C,,C,,,,['Sabin2ref'],[1795],['P'],[599],['P'],['Syn']
96,96,132076.0,Sabin2ref,2990.0,2413.0,1.0,1.0,1.0,Sabin2ref_C2543C,2990.0,2413.0,1.0,1.0,,2543.0,,C,,C,,,,['Sabin2ref'],[1796],['P'],[599],['P'],['Syn']
97,97,132076.0,Sabin2ref,2959.0,2411.0,1.0,1.0,1.0,Sabin2ref_G2544G,2958.0,2410.0,1.0,1.0,,2544.0,,G,,G,,,,['Sabin2ref'],[1797],['P'],[599],['P'],['Syn']
98,98,132076.0,Sabin2ref,2771.0,2333.0,1.0,1.0,1.0,Sabin2ref_A2545A,2770.0,2333.0,1.0,1.0,,2545.0,,A,,A,,,,['Sabin2ref'],[1798],['T'],[600],['T'],['Syn']
99,99,132076.0,Sabin2ref,3001.0,2388.0,1.0,1.0,1.0,Sabin2ref_C2546C,3000.0,2388.0,1.0,1.0,,2546.0,,C,,C,,,,['Sabin2ref'],[1799],['T'],[600],['T'],['Syn']
100,100,132076.0,Sabin2ref,2857.0,2353.0,1.0,1.0,1.0,Sabin2ref_T2547T,2857.0,2353.0,1.0,1.0,,2547.0,,T,,T,,,,['Sabin2ref'],[1800],['T'],[600],['T'],['Syn']
101,101,132076.0,Sabin2ref,2663.0,2391.0,0.0,1.0,1.0,Sabin2ref_T2548T,2661.0,2391.0,0.0,1.0,,2548.0,,T,,T,,,,['Sabin2ref'],[1801],['S'],[601],['S'],['Syn']
102,102,132076.0,Sabin2ref,2921.0,2469.0,1.0,1.0,1.0,Sabin2ref_C2549C,2921.0,2469.0,1.0,1.0,,2549.0,,C,,C,,,,['Sabin2ref'],[1802],['S'],[601],['S'],['Syn']
103,103,132076.0,Sabin2ref,2908.0,2472.0,1.0,1.0,1.0,Sabin2ref_C2550C,2907.0,2471.0,1.0,1.0,,2550.0,,C,,C,,,,['Sabin2ref'],[1803],['S'],[601],['S'],['Syn']
104,104,132076.0,Sabin2ref,2684.0,2444.0,1.0,1.0,1.0,Sabin2ref_A2551A,2684.0,2443.0,1.0,1.0,,2551.0,,A,,A,,,,['Sabin2ref'],[1804],['T'],[602],['T'],['Syn']
105,105,132076.0,Sabin2ref,3076.0,2530.0,1.0,1.0,1.0,Sabin2ref_C2552C,3075.0,2529.0,1.0,1.0,,2552.0,,C,,C,,,,['Sabin2ref'],[1805],['T'],[602],['T'],['Syn']
106,106,132076.0,Sabin2ref,3070.0,2511.0,1.0,1.0,1.0,Sabin2ref_C2553C,3070.0,2511.0,1.0,1.0,,2553.0,,C,,C,,,,['Sabin2ref'],[1806],['T'],[602],['T'],['Syn']
107,107,132076.0,Sabin2ref,3069.0,2496.0,1.0,1.0,1.0,Sabin2ref_A2554A,3068.0,2493.0,1.0,1.0,,2554.0,,A,,A,,,,['Sabin2ref'],[1807],['N'],[603],['N'],['Syn']
108,108,132076.0,Sabin2ref,3048.0,2450.0,1.0,1.0,1.0,Sabin2ref_A2555A,3048.0,2450.0,1.0,1.0,,2555.0,,A,,A,,,,['Sabin2ref'],[1808],['N'],[603],['N'],['Syn']
109,109,132076.0,Sabin2ref,2953.0,2477.0,1.0,1.0,1.0,Sabin2ref_T2556T,2952.0,2476.0,1.0,1.0,,2556.0,,T,,T,,,,['Sabin2ref'],[1809],['N'],[603],['N'],['Syn']
110,110,132076.0,Sabin2ref,2938.0,2491.0,1.0,1.0,1.0,Sabin2ref_A2557A,2937.0,2490.0,1.0,1.0,,2557.0,,A,,A,,,,['Sabin2ref'],[1810],['S'],[604],['S'],['Syn']
111,111,132076.0,Sabin2ref,2993.0,2459.0,1.0,1.0,1.0,Sabin2ref_G2558G,2993.0,2459.0,1.0,1.0,,2558.0,,G,,G,,,,['Sabin2ref'],[1811],['S'],[604],['S'],['Syn']
112,112,132076.0,Sabin2ref,2884.0,2464.0,1.0,1.0,1.0,Sabin2ref_C2559C,2884.0,2464.0,1.0,1.0,,2559.0,,C,,C,,,,['Sabin2ref'],[1812],['S'],[604],['S'],['Syn']
113,113,132076.0,Sabin2ref,2904.0,2472.0,1.0,1.0,1.0,Sabin2ref_C2560C,2903.0,2472.0,1.0,1.0,,2560.0,,C,,C,,,,['Sabin2ref'],[1813],['L'],[605],['L'],['Syn']
114,114,132076.0,Sabin2ref,2882.0,2455.0,1.0,1.0,1.0,Sabin2ref_T2561T,2882.0,2454.0,1.0,1.0,,2561.0,,T,,T,,,,['Sabin2ref'],[1814],['L'],[605],['L'],['Syn']
115,115,132076.0,Sabin2ref,2947.0,2490.0,1.0,1.0,1.0,Sabin2ref_G2562G,2946.0,2490.0,1.0,1.0,,2562.0,,G,,G,,,,['Sabin2ref'],[1815],['L'],[605],['L'],['Syn']
116,116,132076.0,Sabin2ref,2915.0,2496.0,1.0,1.0,1.0,Sabin2ref_C2563C,2907.0,2492.0,1.0,1.0,,2563.0,,C,,C,,,,['Sabin2ref'],[1816],['P'],[606],['P'],['Syn']
117,117,132076.0,Sabin2ref,2957.0,2486.0,1.0,1.0,1.0,Sabin2ref_C2564C,2955.0,2486.0,1.0,1.0,,2564.0,,C,,C,,,,['Sabin2ref'],[1817],['P'],[606],['P'],['Syn']
118,118,132076.0,Sabin2ref,2915.0,2500.0,1.0,1.0,1.0,Sabin2ref_T2565T,2912.0,2497.0,1.0,1.0,,2565.0,,T,,T,,,,['Sabin2ref'],[1818],['P'],[606],['P'],['Syn']
119,119,132076.0,Sabin2ref,2918.0,2480.0,1.0,1.0,1.0,Sabin2ref_G2566G,2917.0,2479.0,1.0,1.0,,2566.0,,G,,G,,,,['Sabin2ref'],[1819],['D'],[607],['D'],['Syn']
120,120,132076.0,Sabin2ref,2868.0,2557.0,1.0,1.0,1.0,Sabin2ref_A2567A,2867.0,2557.0,1.0,1.0,,2567.0,,A,,A,,,,['Sabin2ref'],[1820],['D'],[607],['D'],['Syn']
121,121,132076.0,Sabin2ref,2879.0,2556.0,1.0,1.0,1.0,Sabin2ref_C2568C,2878.0,2556.0,1.0,1.0,,2568.0,,C,,C,,,,['Sabin2ref'],[1821],['D'],[607],['D'],['Syn']
122,122,132076.0,Sabin2ref,2828.0,2560.0,1.0,1.0,1.0,Sabin2ref_A2569A,2826.0,2560.0,1.0,1.0,,2569.0,,A,,A,,,,['Sabin2ref'],[1822],['T'],[608],['T'],['Syn']
123,123,132076.0,Sabin2ref,2932.0,2558.0,1.0,1.0,1.0,Sabin2ref_C2570C,2929.0,2556.0,1.0,1.0,,2570.0,,C,,C,,,,['Sabin2ref'],[1823],['T'],[608],['T'],['Syn']
124,124,132076.0,Sabin2ref,2863.0,2525.0,1.0,1.0,1.0,Sabin2ref_A2571A,2862.0,2525.0,1.0,1.0,,2571.0,,A,,A,,,,['Sabin2ref'],[1824],['T'],[608],['T'],['Syn']
125,125,132076.0,Sabin2ref,2819.0,2504.0,1.0,1.0,1.0,Sabin2ref_A2572A,2819.0,2503.0,1.0,1.0,,2572.0,,A,,A,,,,['Sabin2ref'],[1825],['K'],[609],['K'],['Syn']
126,126,132076.0,Sabin2ref,2797.0,2507.0,1.0,1.0,1.0,Sabin2ref_A2573A,2796.0,2506.0,1.0,1.0,,2573.0,,A,,A,,,,['Sabin2ref'],[1826],['K'],[609],['K'],['Syn']
127,127,132076.0,Sabin2ref,2896.0,2246.0,1.0,1.0,1.0,Sabin2ref_G2574G,2896.0,2246.0,1.0,1.0,,2574.0,,G,,G,,,,['Sabin2ref'],[1827],['K'],[609],['K'],['Syn']
128,128,132076.0,Sabin2ref,2756.0,2460.0,1.0,1.0,1.0,Sabin2ref_C2575C,2753.0,2457.0,1.0,1.0,,2575.0,,C,,C,,,,['Sabin2ref'],[1828],['P'],[610],['P'],['Syn']
129,129,132076.0,Sabin2ref,2769.0,2436.0,0.0,1.0,1.0,Sabin2ref_C2576C,2769.0,2436.0,0.0,1.0,,2576.0,,C,,C,,,,['Sabin2ref'],[1829],['P'],[610],['P'],['Syn']
130,130,132076.0,Sabin2ref,2800.0,2429.0,1.0,1.0,1.0,Sabin2ref_G2577G,2799.0,2429.0,1.0,1.0,,2577.0,,G,,G,,,,['Sabin2ref'],[1830],['P'],[610],['P'],['Syn']
131,131,132076.0,Sabin2ref,2530.0,2362.0,1.0,1.0,1.0,Sabin2ref_A2578A,2530.0,2362.0,1.0,1.0,,2578.0,,A,,A,,,,['Sabin2ref'],[1831],['S'],[611],['S'],['Syn']
132,132,132076.0,Sabin2ref,2833.0,2319.0,1.0,1.0,1.0,Sabin2ref_G2579G,2833.0,2317.0,1.0,1.0,,2579.0,,G,,G,,,,['Sabin2ref'],[1832],['S'],[611],['S'],['Syn']
133,133,132076.0,Sabin2ref,2751.0,2372.0,1.0,1.0,1.0,Sabin2ref_C2580C,2748.0,2370.0,1.0,1.0,,2580.0,,C,,C,,,,['Sabin2ref'],[1833],['S'],[611],['S'],['Syn']
134,134,132076.0,Sabin2ref,2886.0,2353.0,1.0,1.0,1.0,Sabin2ref_G2581G,2885.0,2353.0,1.0,1.0,,2581.0,,G,,G,,,,['Sabin2ref'],[1834],['G'],[612],['G'],['Syn']
135,135,132076.0,Sabin2ref,2896.0,2363.0,1.0,1.0,1.0,Sabin2ref_G2582G,2895.0,2363.0,1.0,1.0,,2582.0,,G,,G,,,,['Sabin2ref'],[1835],['G'],[612],['G'],['Syn']
136,136,132076.0,Sabin2ref,2835.0,2344.0,1.0,1.0,1.0,Sabin2ref_T2583T,2833.0,2343.0,1.0,1.0,,2583.0,,T,,T,,,,['Sabin2ref'],[1836],['G'],[612],['G'],['Syn']
137,137,132076.0,Sabin2ref,2768.0,2471.0,1.0,1.0,1.0,Sabin2ref_C2584C,2767.0,2471.0,1.0,1.0,,2584.0,,C,,C,,,,['Sabin2ref'],[1837],['P'],[613],['P'],['Syn']
138,138,132076.0,Sabin2ref,2863.0,2488.0,1.0,1.0,1.0,Sabin2ref_C2585C,2862.0,2488.0,1.0,1.0,,2585.0,,C,,C,,,,['Sabin2ref'],[1838],['P'],[613],['P'],['Syn']
139,139,132076.0,Sabin2ref,2852.0,2547.0,1.0,1.0,1.0,Sabin2ref_A2586A,2852.0,2547.0,1.0,1.0,,2586.0,,A,,A,,,,['Sabin2ref'],[1839],['P'],[613],['P'],['Syn']
140,140,132076.0,Sabin2ref,2916.0,2493.0,1.0,1.0,1.0,Sabin2ref_G2587G,2914.0,2490.0,1.0,1.0,,2587.0,,G,,G,,,,['Sabin2ref'],[1840],['A'],[614],['A'],['Syn']
141,141,132076.0,Sabin2ref,2855.0,2589.0,1.0,1.0,1.0,Sabin2ref_C2588C,2848.0,2587.0,1.0,1.0,,2588.0,,C,,C,,,,['Sabin2ref'],[1841],['A'],[614],['A'],['Syn']
142,142,132076.0,Sabin2ref,2843.0,2567.0,1.0,1.0,1.0,Sabin2ref_C2589C,2842.0,2567.0,1.0,1.0,,2589.0,,C,,C,,,,['Sabin2ref'],[1842],['A'],[614],['A'],['Syn']
143,143,132076.0,Sabin2ref,2866.0,2560.0,1.0,1.0,1.0,Sabin2ref_C2590C,2864.0,2560.0,1.0,1.0,,2590.0,,C,,C,,,,['Sabin2ref'],[1843],['H'],[615],['H'],['Syn']
144,144,132076.0,Sabin2ref,2642.0,2517.0,1.0,1.0,1.0,Sabin2ref_A2591A,2638.0,2517.0,1.0,1.0,,2591.0,,A,,A,,,,['Sabin2ref'],[1844],['H'],[615],['H'],['Syn']
145,145,132076.0,Sabin2ref,2821.0,2662.0,1.0,1.0,1.0,Sabin2ref_C2592C,2819.0,2662.0,1.0,1.0,,2592.0,,C,,C,,,,['Sabin2ref'],[1845],['H'],[615],['H'],['Syn']
146,146,132076.0,Sabin2ref,2709.0,2562.0,1.0,1.0,1.0,Sabin2ref_T2593T,2708.0,2562.0,1.0,1.0,,2593.0,,T,,T,,,,['Sabin2ref'],[1846],['S'],[616],['S'],['Syn']
147,147,132076.0,Sabin2ref,2860.0,2672.0,1.0,1.0,1.0,Sabin2ref_C2594C,2857.0,2672.0,1.0,1.0,,2594.0,,C,,C,,,,['Sabin2ref'],[1847],['S'],[616],['S'],['Syn']
148,148,132076.0,Sabin2ref,2877.0,2698.0,1.0,1.0,1.0,Sabin2ref_C2595C,2873.0,2698.0,1.0,1.0,,2595.0,,C,,C,,,,['Sabin2ref'],[1848],['S'],[616],['S'],['Syn']
149,149,132076.0,Sabin2ref,2852.0,2629.0,1.0,1.0,1.0,Sabin2ref_A2596A,2851.0,2629.0,1.0,1.0,,2596.0,,A,,A,,,,['Sabin2ref'],[1849],['K'],[617],['K'],['Syn']
150,150,132076.0,Sabin2ref,2841.0,2582.0,1.0,1.0,1.0,Sabin2ref_A2597A,2841.0,2581.0,1.0,1.0,,2597.0,,A,,A,,,,['Sabin2ref'],[1850],['K'],[617],['K'],['Syn']
151,151,132076.0,Sabin2ref,2847.0,2620.0,1.0,1.0,1.0,Sabin2ref_G2598G,2845.0,2620.0,1.0,1.0,,2598.0,,G,,G,,,,['Sabin2ref'],[1851],['K'],[617],['K'],['Syn']
152,152,132076.0,Sabin2ref,2824.0,2528.0,1.0,1.0,1.0,Sabin2ref_G2599G,2824.0,2528.0,1.0,1.0,,2599.0,,G,,G,,,,['Sabin2ref'],[1852],['E'],[618],['E'],['Syn']
153,153,132076.0,Sabin2ref,2745.0,2522.0,1.0,1.0,1.0,Sabin2ref_A2600A,2745.0,2520.0,1.0,1.0,,2600.0,,A,,A,,,,['Sabin2ref'],[1853],['E'],[618],['E'],['Syn']
154,154,132076.0,Sabin2ref,2686.0,2554.0,1.0,1.0,1.0,Sabin2ref_G2601G,2686.0,2551.0,1.0,1.0,,2601.0,,G,,G,,,,['Sabin2ref'],[1854],['E'],[618],['E'],['Syn']
155,155,132076.0,Sabin2ref,2629.0,2500.0,1.0,1.0,1.0,Sabin2ref_A2602A,2627.0,2500.0,1.0,1.0,,2602.0,,A,,A,,,,['Sabin2ref'],[1855],['I'],[619],['I'],['Syn']
156,156,132076.0,Sabin2ref,2571.0,2573.0,1.0,1.0,1.0,Sabin2ref_T2603T,2570.0,2573.0,1.0,1.0,,2603.0,,T,,T,,,,['Sabin2ref'],[1856],['I'],[619],['I'],['Syn']
157,157,132076.0,Sabin2ref,2299.0,2610.0,1.0,1.0,1.0,Sabin2ref_A2604A,2297.0,2610.0,1.0,1.0,,2604.0,,A,,A,,,,['Sabin2ref'],[1857],['I'],[619],['I'],['Syn']
158,158,132076.0,Sabin2ref,2602.0,2640.0,1.0,1.0,1.0,Sabin2ref_C2605C,2601.0,2640.0,1.0,1.0,,2605.0,,C,,C,,,,['Sabin2ref'],[1858],['P'],[620],['P'],['Syn']
159,159,132076.0,Sabin2ref,2632.0,2652.0,1.0,1.0,1.0,Sabin2ref_C2606C,2630.0,2652.0,1.0,1.0,,2606.0,,C,,C,,,,['Sabin2ref'],[1859],['P'],[620],['P'],['Syn']
160,160,132076.0,Sabin2ref,2557.0,2590.0,1.0,1.0,1.0,Sabin2ref_T2607T,2555.0,2589.0,1.0,1.0,,2607.0,,T,,T,,,,['Sabin2ref'],[1860],['P'],[620],['P'],['Syn']
161,161,132076.0,Sabin2ref,2614.0,2596.0,1.0,1.0,1.0,Sabin2ref_G2608G,2613.0,2595.0,1.0,1.0,,2608.0,,G,,G,,,,['Sabin2ref'],[1861],['A'],[621],['A'],['Syn']
162,162,132076.0,Sabin2ref,2610.0,2620.0,1.0,1.0,1.0,Sabin2ref_C2609C,2609.0,2619.0,1.0,1.0,,2609.0,,C,,C,,,,['Sabin2ref'],[1862],['A'],[621],['A'],['Syn']
163,163,132076.0,Sabin2ref,2594.0,2611.0,1.0,1.0,1.0,Sabin2ref_A2610A,2594.0,2611.0,1.0,1.0,,2610.0,,A,,A,,,,['Sabin2ref'],[1863],['A'],[621],['A'],['Syn']
164,164,132076.0,Sabin2ref,2579.0,2600.0,1.0,1.0,1.0,Sabin2ref_T2611T,2578.0,2600.0,1.0,1.0,,2611.0,,T,,T,,,,['Sabin2ref'],[1864],['L'],[622],['L'],['Syn']
165,165,132076.0,Sabin2ref,2554.0,2573.0,1.0,1.0,1.0,Sabin2ref_T2612T,2554.0,2573.0,1.0,1.0,,2612.0,,T,,T,,,,['Sabin2ref'],[1865],['L'],[622],['L'],['Syn']
166,166,132076.0,Sabin2ref,2578.0,2531.0,1.0,1.0,1.0,Sabin2ref_G2613G,2578.0,2531.0,1.0,1.0,,2613.0,,G,,G,,,,['Sabin2ref'],[1866],['L'],[622],['L'],['Syn']
167,167,132076.0,Sabin2ref,2455.0,2556.0,1.0,1.0,1.0,Sabin2ref_A2614A,2455.0,2556.0,1.0,1.0,,2614.0,,A,,A,,,,['Sabin2ref'],[1867],['T'],[623],['T'],['Syn']
168,168,132076.0,Sabin2ref,2504.0,2578.0,1.0,1.0,1.0,Sabin2ref_C2615C,2503.0,2578.0,1.0,1.0,,2615.0,,C,,C,,,,['Sabin2ref'],[1868],['T'],[623],['T'],['Syn']
169,169,132076.0,Sabin2ref,2453.0,2583.0,1.0,1.0,1.0,Sabin2ref_A2616A,2453.0,2583.0,1.0,1.0,,2616.0,,A,,A,,,,['Sabin2ref'],[1869],['T'],[623],['T'],['Syn']
170,170,132076.0,Sabin2ref,2489.0,2586.0,1.0,1.0,1.0,Sabin2ref_G2617G,2487.0,2585.0,1.0,1.0,,2617.0,,G,,G,,,,['Sabin2ref'],[1870],['A'],[624],['A'],['Syn']
171,171,132076.0,Sabin2ref,2468.0,2622.0,1.0,1.0,1.0,Sabin2ref_C2618C,2463.0,2619.0,1.0,1.0,,2618.0,,C,,C,,,,['Sabin2ref'],[1871],['A'],[624],['A'],['Syn']
172,172,132076.0,Sabin2ref,2510.0,2656.0,1.0,1.0,1.0,Sabin2ref_C2619C,2509.0,2656.0,1.0,1.0,,2619.0,,C,,C,,,,['Sabin2ref'],[1872],['A'],[624],['A'],['Syn']
173,173,132076.0,Sabin2ref,2574.0,2581.0,1.0,1.0,1.0,Sabin2ref_G2620G,2572.0,2580.0,1.0,1.0,,2620.0,,G,,G,,,,['Sabin2ref'],[1873],['V'],[625],['V'],['Syn']
174,174,132076.0,Sabin2ref,2545.0,2392.0,1.0,1.0,1.0,Sabin2ref_T2621T,2545.0,2392.0,1.0,1.0,,2621.0,,T,,T,,,,['Sabin2ref'],[1874],['V'],[625],['V'],['Syn']
175,175,132076.0,Sabin2ref,2559.0,2458.0,1.0,1.0,1.0,Sabin2ref_G2622G,2559.0,2458.0,1.0,1.0,,2622.0,,G,,G,,,,['Sabin2ref'],[1875],['V'],[625],['V'],['Syn']
176,176,132076.0,Sabin2ref,2566.0,2486.0,1.0,1.0,1.0,Sabin2ref_G2623G,2566.0,2486.0,1.0,1.0,,2623.0,,G,,G,,,,['Sabin2ref'],[1876],['E'],[626],['E'],['Syn']
177,177,132076.0,Sabin2ref,2543.0,2364.0,1.0,1.0,1.0,Sabin2ref_A2624A,2542.0,2363.0,1.0,1.0,,2624.0,,A,,A,,,,['Sabin2ref'],[1877],['E'],[626],['E'],['Syn']
178,178,132076.0,Sabin2ref,2540.0,2550.0,1.0,1.0,1.0,Sabin2ref_G2625G,2540.0,2550.0,1.0,1.0,,2625.0,,G,,G,,,,['Sabin2ref'],[1878],['E'],[626],['E'],['Syn']
179,179,132076.0,Sabin2ref,2449.0,2529.0,1.0,1.0,1.0,Sabin2ref_A2626A,2448.0,2528.0,1.0,1.0,,2626.0,,A,,A,,,,['Sabin2ref'],[1879],['T'],[627],['T'],['Syn']
180,180,132076.0,Sabin2ref,2443.0,2607.0,1.0,1.0,1.0,Sabin2ref_C2627C,2443.0,2607.0,1.0,1.0,,2627.0,,C,,C,,,,['Sabin2ref'],[1880],['T'],[627],['T'],['Syn']
181,181,132076.0,Sabin2ref,2391.0,2595.0,1.0,1.0,1.0,Sabin2ref_A2628A,2391.0,2595.0,1.0,1.0,,2628.0,,A,,A,,,,['Sabin2ref'],[1881],['T'],[627],['T'],['Syn']
182,182,132076.0,Sabin2ref,2416.0,2599.0,1.0,1.0,1.0,Sabin2ref_G2629G,2415.0,2598.0,1.0,1.0,,2629.0,,G,,G,,,,['Sabin2ref'],[1882],['G'],[628],['G'],['Syn']
183,183,132076.0,Sabin2ref,2455.0,2492.0,1.0,1.0,1.0,Sabin2ref_G2630G,2455.0,2492.0,1.0,1.0,,2630.0,,G,,G,,,,['Sabin2ref'],[1883],['G'],[628],['G'],['Syn']
184,184,132076.0,Sabin2ref,2423.0,2431.0,1.0,1.0,1.0,Sabin2ref_G2631G,2423.0,2431.0,1.0,1.0,,2631.0,,G,,G,,,,['Sabin2ref'],[1884],['G'],[628],['G'],['Syn']
185,185,132076.0,Sabin2ref,2420.0,2357.0,1.0,1.0,1.0,Sabin2ref_G2632G,2419.0,2355.0,1.0,1.0,,2632.0,,G,,G,,,,['Sabin2ref'],[1885],['A'],[629],['A'],['Syn']
186,186,132076.0,Sabin2ref,2322.0,2526.0,1.0,1.0,1.0,Sabin2ref_C2633C,2319.0,2525.0,1.0,1.0,,2633.0,,C,,C,,,,['Sabin2ref'],[1886],['A'],[629],['A'],['Syn']
187,187,132076.0,Sabin2ref,2365.0,2349.0,1.0,1.0,1.0,Sabin2ref_T2634T,2363.0,2349.0,1.0,1.0,,2634.0,,T,,T,,,,['Sabin2ref'],[1887],['A'],[629],['A'],['Syn']
188,188,132076.0,Sabin2ref,2323.0,2570.0,1.0,1.0,1.0,Sabin2ref_A2635A,2322.0,2568.0,1.0,1.0,,2635.0,,A,,A,,,,['Sabin2ref'],[1888],['T'],[630],['T'],['Syn']
189,189,132076.0,Sabin2ref,2380.0,2674.0,1.0,1.0,1.0,Sabin2ref_C2636C,2379.0,2674.0,1.0,1.0,,2636.0,,C,,C,,,,['Sabin2ref'],[1889],['T'],[630],['T'],['Syn']
190,190,132076.0,Sabin2ref,2440.0,2671.0,1.0,1.0,1.0,Sabin2ref_C2637C,2439.0,2669.0,1.0,1.0,,2637.0,,C,,C,,,,['Sabin2ref'],[1890],['T'],[630],['T'],['Syn']
191,191,132076.0,Sabin2ref,2380.0,2636.0,1.0,1.0,1.0,Sabin2ref_A2638A,2380.0,2636.0,1.0,1.0,,2638.0,,A,,A,,,,['Sabin2ref'],[1891],['N'],[631],['N'],['Syn']
192,192,132076.0,Sabin2ref,2301.0,2620.0,1.0,1.0,1.0,Sabin2ref_A2639A,2299.0,2620.0,1.0,1.0,,2639.0,,A,,A,,,,['Sabin2ref'],[1892],['N'],[631],['N'],['Syn']
193,193,132076.0,Sabin2ref,2194.0,2596.0,1.0,1.0,1.0,Sabin2ref_T2640T,2193.0,2596.0,1.0,1.0,,2640.0,,T,,T,,,,['Sabin2ref'],[1893],['N'],[631],['N'],['Syn']
194,194,132076.0,Sabin2ref,2343.0,2650.0,1.0,1.0,1.0,Sabin2ref_C2641C,2343.0,2650.0,1.0,1.0,,2641.0,,C,,C,,,,['Sabin2ref'],[1894],['P'],[632],['P'],['Syn']
195,195,132076.0,Sabin2ref,2359.0,2648.0,1.0,1.0,1.0,Sabin2ref_C2642C,2358.0,2647.0,1.0,1.0,,2642.0,,C,,C,,,,['Sabin2ref'],[1895],['P'],[632],['P'],['Syn']
196,196,132076.0,Sabin2ref,2410.0,2616.0,1.0,1.0,1.0,Sabin2ref_G2643G,2410.0,2614.0,1.0,1.0,,2643.0,,G,,G,,,,['Sabin2ref'],[1896],['P'],[632],['P'],['Syn']
197,197,132076.0,Sabin2ref,2355.0,2379.0,1.0,1.0,1.0,Sabin2ref_T2644T,2355.0,2379.0,1.0,1.0,,2644.0,,T,,T,,,,['Sabin2ref'],[1897],['L'],[633],['L'],['Syn']
198,198,132076.0,Sabin2ref,2393.0,2525.0,1.0,1.0,1.0,Sabin2ref_T2645T,2393.0,2525.0,1.0,1.0,,2645.0,,T,,T,,,,['Sabin2ref'],[1898],['L'],[633],['L'],['Syn']
199,199,132076.0,Sabin2ref,2425.0,2486.0,1.0,1.0,1.0,Sabin2ref_G2646G,2425.0,2486.0,1.0,1.0,,2646.0,,G,,G,,,,['Sabin2ref'],[1899],['L'],[633],['L'],['Syn']
200,200,132076.0,Sabin2ref,2422.0,2497.0,1.0,1.0,1.0,Sabin2ref_G2647G,2421.0,2496.0,1.0,1.0,,2647.0,,G,,G,,,,['Sabin2ref'],[1900],['V'],[634],['V'],['Syn']
201,201,132076.0,Sabin2ref,2387.0,2331.0,1.0,1.0,1.0,Sabin2ref_T2648T,2385.0,2330.0,1.0,1.0,,2648.0,,T,,T,,,,['Sabin2ref'],[1901],['V'],[634],['V'],['Syn']
202,202,132076.0,Sabin2ref,2382.0,2469.0,1.0,1.0,1.0,Sabin2ref_G2649G,2381.0,2469.0,1.0,1.0,,2649.0,,G,,G,,,,['Sabin2ref'],[1902],['V'],[634],['V'],['Syn']
203,203,132076.0,Sabin2ref,2282.0,2644.0,1.0,1.0,1.0,Sabin2ref_C2650C,2280.0,2641.0,1.0,1.0,,2650.0,,C,,C,,,,['Sabin2ref'],[1903],['P'],[635],['P'],['Syn']
204,204,132076.0,Sabin2ref,2274.0,2714.0,1.0,1.0,1.0,Sabin2ref_C2651C,2273.0,2714.0,1.0,1.0,,2651.0,,C,,C,,,,['Sabin2ref'],[1904],['P'],[635],['P'],['Syn']
205,205,132076.0,Sabin2ref,2306.0,2818.0,1.0,1.0,1.0,Sabin2ref_T2652T,2306.0,2817.0,1.0,1.0,,2652.0,,T,,T,,,,['Sabin2ref'],[1905],['P'],[635],['P'],['Syn']
206,206,132076.0,Sabin2ref,2284.0,2834.0,1.0,1.0,1.0,Sabin2ref_T2653T,2283.0,2833.0,1.0,1.0,,2653.0,,T,,T,,,,['Sabin2ref'],[1906],['S'],[636],['S'],['Syn']
207,207,132076.0,Sabin2ref,2354.0,2852.0,1.0,1.0,1.0,Sabin2ref_C2654C,2353.0,2852.0,1.0,1.0,,2654.0,,C,,C,,,,['Sabin2ref'],[1907],['S'],[636],['S'],['Syn']
208,208,132076.0,Sabin2ref,2488.0,2775.0,1.0,1.0,1.0,Sabin2ref_G2655G,2487.0,2774.0,1.0,1.0,,2655.0,,G,,G,,,,['Sabin2ref'],[1908],['S'],[636],['S'],['Syn']
209,209,132076.0,Sabin2ref,2483.0,2705.0,1.0,1.0,1.0,Sabin2ref_G2656G,2482.0,2705.0,1.0,1.0,,2656.0,,G,,G,,,,['Sabin2ref'],[1909],['D'],[637],['D'],['Syn']
210,210,132076.0,Sabin2ref,2414.0,2697.0,1.0,1.0,1.0,Sabin2ref_A2657A,2411.0,2697.0,1.0,1.0,,2657.0,,A,,A,,,,['Sabin2ref'],[1910],['D'],[637],['D'],['Syn']
211,211,132076.0,Sabin2ref,2340.0,2764.0,1.0,1.0,1.0,Sabin2ref_C2658C,2340.0,2764.0,1.0,1.0,,2658.0,,C,,C,,,,['Sabin2ref'],[1911],['D'],[637],['D'],['Syn']
212,212,132076.0,Sabin2ref,2201.0,2701.0,0.0,1.0,1.0,Sabin2ref_A2659A,2201.0,2699.0,0.0,1.0,,2659.0,,A,,A,,,,['Sabin2ref'],[1912],['T'],[638],['T'],['Syn']
213,213,132076.0,Sabin2ref,2296.0,2861.0,1.0,1.0,1.0,Sabin2ref_C2660C,2295.0,2858.0,1.0,1.0,,2660.0,,C,,C,,,,['Sabin2ref'],[1913],['T'],[638],['T'],['Syn']
214,214,132076.0,Sabin2ref,2285.0,2811.0,1.0,1.0,1.0,Sabin2ref_C2661C,2283.0,2810.0,1.0,1.0,,2661.0,,C,,C,,,,['Sabin2ref'],[1914],['T'],[638],['T'],['Syn']
215,215,132076.0,Sabin2ref,2351.0,2773.0,1.0,1.0,1.0,Sabin2ref_G2662G,2347.0,2772.0,1.0,1.0,,2662.0,,G,,G,,,,['Sabin2ref'],[1915],['V'],[639],['V'],['Syn']
216,216,132076.0,Sabin2ref,2328.0,2624.0,1.0,1.0,1.0,Sabin2ref_T2663T,2327.0,2623.0,1.0,1.0,,2663.0,,T,,T,,,,['Sabin2ref'],[1916],['V'],[639],['V'],['Syn']
217,217,132076.0,Sabin2ref,2339.0,2706.0,1.0,1.0,1.0,Sabin2ref_G2664G,2334.0,2702.0,1.0,1.0,,2664.0,,G,,G,,,,['Sabin2ref'],[1917],['V'],[639],['V'],['Syn']
218,218,132076.0,Sabin2ref,2285.0,2784.0,1.0,1.0,1.0,Sabin2ref_C2665C,2283.0,2782.0,1.0,1.0,,2665.0,,C,,C,,,,['Sabin2ref'],[1918],['Q'],[640],['Q'],['Syn']
219,219,132076.0,Sabin2ref,2285.0,2794.0,1.0,1.0,1.0,Sabin2ref_A2666A,2284.0,2793.0,1.0,1.0,,2666.0,,A,,A,,,,['Sabin2ref'],[1919],['Q'],[640],['Q'],['Syn']
220,220,132076.0,Sabin2ref,2234.0,2799.0,1.0,1.0,1.0,Sabin2ref_A2667A,2234.0,2799.0,1.0,1.0,,2667.0,,A,,A,,,,['Sabin2ref'],[1920],['Q'],[640],['Q'],['Syn']
221,221,132076.0,Sabin2ref,2213.0,2771.0,1.0,1.0,1.0,Sabin2ref_A2668A,2213.0,2771.0,1.0,1.0,,2668.0,,A,,A,,,,['Sabin2ref'],[1921],['T'],[641],['T'],['Syn']
222,222,132076.0,Sabin2ref,2263.0,2784.0,1.0,1.0,1.0,Sabin2ref_C2669C,2262.0,2783.0,1.0,1.0,,2669.0,,C,,C,,,,['Sabin2ref'],[1922],['T'],[641],['T'],['Syn']
223,223,132076.0,Sabin2ref,2263.0,2703.0,1.0,1.0,1.0,Sabin2ref_G2670G,2263.0,2703.0,1.0,1.0,,2670.0,,G,,G,,,,['Sabin2ref'],[1923],['T'],[641],['T'],['Syn']
224,224,132076.0,Sabin2ref,2160.0,2685.0,1.0,1.0,1.0,Sabin2ref_C2671C,2159.0,2684.0,1.0,1.0,,2671.0,,C,,C,,,,['Sabin2ref'],[1924],['R'],[642],['R'],['Syn']
225,225,132076.0,Sabin2ref,2258.0,2712.0,1.0,1.0,1.0,Sabin2ref_G2672G,2257.0,2709.0,1.0,1.0,,2672.0,,G,,G,,,,['Sabin2ref'],[1925],['R'],[642],['R'],['Syn']
226,226,132076.0,Sabin2ref,2253.0,2687.0,1.0,1.0,1.0,Sabin2ref_C2673C,2248.0,2685.0,1.0,1.0,,2673.0,,C,,C,,,,['Sabin2ref'],[1926],['R'],[642],['R'],['Syn']
227,227,132076.0,Sabin2ref,2259.0,2694.0,1.0,1.0,1.0,Sabin2ref_C2674C,2257.0,2693.0,1.0,1.0,,2674.0,,C,,C,,,,['Sabin2ref'],[1927],['H'],[643],['H'],['Syn']
228,228,132076.0,Sabin2ref,2308.0,2690.0,1.0,1.0,1.0,Sabin2ref_A2675A,2307.0,2690.0,1.0,1.0,,2675.0,,A,,A,,,,['Sabin2ref'],[1928],['H'],[643],['H'],['Syn']
229,229,132076.0,Sabin2ref,2308.0,2752.0,1.0,1.0,1.0,Sabin2ref_T2676T,2306.0,2752.0,1.0,1.0,,2676.0,,T,,T,,,,['Sabin2ref'],[1929],['H'],[643],['H'],['Syn']
230,230,132076.0,Sabin2ref,2335.0,2842.0,1.0,1.0,1.0,Sabin2ref_G2677G,2335.0,2842.0,1.0,1.0,,2677.0,,G,,G,,,,['Sabin2ref'],[1930],['V'],[644],['V'],['Syn']
231,231,132076.0,Sabin2ref,2291.0,2724.0,1.0,1.0,1.0,Sabin2ref_T2678T,2287.0,2722.0,1.0,1.0,,2678.0,,T,,T,,,,['Sabin2ref'],[1931],['V'],[644],['V'],['Syn']
232,232,132076.0,Sabin2ref,2285.0,2801.0,1.0,1.0,1.0,Sabin2ref_C2679C,2284.0,2801.0,1.0,1.0,,2679.0,,C,,C,,,,['Sabin2ref'],[1932],['V'],[644],['V'],['Syn']
233,233,132076.0,Sabin2ref,2278.0,2861.0,1.0,1.0,1.0,Sabin2ref_A2680A,2278.0,2861.0,1.0,1.0,,2680.0,,A,,A,,,,['Sabin2ref'],[1933],['I'],[645],['I'],['Syn']
234,234,132076.0,Sabin2ref,2228.0,2861.0,1.0,1.0,1.0,Sabin2ref_T2681T,2228.0,2861.0,1.0,1.0,,2681.0,,T,,T,,,,['Sabin2ref'],[1934],['I'],[645],['I'],['Syn']
235,235,132076.0,Sabin2ref,2334.0,2883.0,1.0,1.0,1.0,Sabin2ref_C2682C,2333.0,2883.0,1.0,1.0,,2682.0,,C,,C,,,,['Sabin2ref'],[1935],['I'],[645],['I'],['Syn']
236,236,132076.0,Sabin2ref,2358.0,2896.0,1.0,1.0,1.0,Sabin2ref_C2683C,2358.0,2896.0,1.0,1.0,,2683.0,,C,,C,,,,['Sabin2ref'],[1936],['Q'],[646],['Q'],['Syn']
237,237,132076.0,Sabin2ref,2303.0,2818.0,1.0,1.0,1.0,Sabin2ref_A2684A,2303.0,2817.0,1.0,1.0,,2684.0,,A,,A,,,,['Sabin2ref'],[1937],['Q'],[646],['Q'],['Syn']
238,238,132076.0,Sabin2ref,2286.0,2817.0,1.0,1.0,1.0,Sabin2ref_G2685G,2286.0,2816.0,1.0,1.0,,2685.0,,G,,G,,,,['Sabin2ref'],[1938],['Q'],[646],['Q'],['Syn']
239,239,132076.0,Sabin2ref,2197.0,2708.0,1.0,1.0,1.0,Sabin2ref_A2686A,2197.0,2708.0,1.0,1.0,,2686.0,,A,,A,,,,['Sabin2ref'],[1939],['R'],[647],['R'],['Syn']
240,240,132076.0,Sabin2ref,2278.0,2740.0,1.0,1.0,1.0,Sabin2ref_G2687G,2278.0,2740.0,1.0,1.0,,2687.0,,G,,G,,,,['Sabin2ref'],[1940],['R'],[647],['R'],['Syn']
241,241,132076.0,Sabin2ref,2207.0,2764.0,1.0,1.0,1.0,Sabin2ref_A2688A,2207.0,2764.0,1.0,1.0,,2688.0,,A,,A,,,,['Sabin2ref'],[1941],['R'],[647],['R'],['Syn']
242,242,132076.0,Sabin2ref,2180.0,2814.0,1.0,1.0,1.0,Sabin2ref_C2689C,2180.0,2814.0,1.0,1.0,,2689.0,,C,,C,,,,['Sabin2ref'],[1942],['R'],[648],['R'],['Syn']
243,243,132076.0,Sabin2ref,2259.0,2756.0,1.0,1.0,1.0,Sabin2ref_G2690G,2259.0,2756.0,1.0,1.0,,2690.0,,G,,G,,,,['Sabin2ref'],[1943],['R'],[648],['R'],['Syn']
244,244,132076.0,Sabin2ref,2149.0,2647.0,1.0,1.0,1.0,Sabin2ref_A2691A,2148.0,2647.0,1.0,1.0,,2691.0,,A,,A,,,,['Sabin2ref'],[1944],['R'],[648],['R'],['Syn']
245,245,132076.0,Sabin2ref,2130.0,2611.0,1.0,1.0,1.0,Sabin2ref_A2692A,2129.0,2610.0,1.0,1.0,,2692.0,,A,,A,,,,['Sabin2ref'],[1945],['T'],[649],['T'],['Syn']
246,246,132076.0,Sabin2ref,2247.0,2725.0,1.0,1.0,1.0,Sabin2ref_C2693C,2247.0,2723.0,1.0,1.0,,2693.0,,C,,C,,,,['Sabin2ref'],[1946],['T'],[649],['T'],['Syn']
247,247,132076.0,Sabin2ref,2239.0,2650.0,1.0,1.0,1.0,Sabin2ref_G2694G,2239.0,2649.0,1.0,1.0,,2694.0,,G,,G,,,,['Sabin2ref'],[1947],['T'],[649],['T'],['Syn']
248,248,132076.0,Sabin2ref,2238.0,2755.0,1.0,1.0,1.0,Sabin2ref_C2695C,2238.0,2755.0,1.0,1.0,,2695.0,,C,,C,,,,['Sabin2ref'],[1948],['R'],[650],['R'],['Syn']
249,249,132076.0,Sabin2ref,2276.0,2672.0,1.0,1.0,1.0,Sabin2ref_G2696G,2272.0,2667.0,1.0,1.0,,2696.0,,G,,G,,,,['Sabin2ref'],[1949],['R'],[650],['R'],['Syn']
250,250,132076.0,Sabin2ref,2218.0,2541.0,1.0,0.0,1.0,Sabin2ref_A2697A,2218.0,2540.0,1.0,0.0,,2697.0,,A,,A,,,,['Sabin2ref'],[1950],['R'],[650],['R'],['Syn']
251,251,132076.0,Sabin2ref,2276.0,2542.0,1.0,0.0,1.0,Sabin2ref_T2698T,2276.0,2542.0,1.0,0.0,,2698.0,,T,,T,,,,['Sabin2ref'],[1951],['S'],[651],['S'],['Syn']
252,252,132076.0,Sabin2ref,2287.0,2711.0,1.0,0.0,1.0,Sabin2ref_C2699C,2287.0,2709.0,1.0,0.0,,2699.0,,C,,C,,,,['Sabin2ref'],[1952],['S'],[651],['S'],['Syn']
253,253,132076.0,Sabin2ref,2298.0,2655.0,1.0,0.0,1.0,Sabin2ref_A2700A,2298.0,2655.0,1.0,0.0,,2700.0,,A,,A,,,,['Sabin2ref'],[1953],['S'],[651],['S'],['Syn']
254,254,132076.0,Sabin2ref,2318.0,2614.0,1.0,0.0,1.0,Sabin2ref_G2701G,2317.0,2613.0,1.0,0.0,,2701.0,,G,,G,,,,['Sabin2ref'],[1954],['E'],[652],['E'],['Syn']
255,255,132076.0,Sabin2ref,2258.0,2609.0,1.0,0.0,1.0,Sabin2ref_A2702A,2258.0,2609.0,1.0,0.0,,2702.0,,A,,A,,,,['Sabin2ref'],[1955],['E'],[652],['E'],['Syn']
256,256,132076.0,Sabin2ref,2304.0,2718.0,1.0,0.0,1.0,Sabin2ref_G2703G,2304.0,2718.0,1.0,0.0,,2703.0,,G,,G,,,,['Sabin2ref'],[1956],['E'],[652],['E'],['Syn']
257,257,132076.0,Sabin2ref,2164.0,2623.0,1.0,0.0,1.0,Sabin2ref_T2704T,2164.0,2623.0,1.0,0.0,,2704.0,,T,,T,,,,['Sabin2ref'],[1957],['S'],[653],['S'],['Syn']
258,258,132076.0,Sabin2ref,2235.0,2762.0,1.0,0.0,1.0,Sabin2ref_C2706C,2235.0,2762.0,1.0,0.0,,2706.0,,C,,C,,,,['Sabin2ref'],[1959],['S'],[653],['S'],['Syn']
259,259,132076.0,Sabin2ref,2219.0,2731.0,1.0,0.0,1.0,Sabin2ref_A2707A,2219.0,2731.0,1.0,0.0,,2707.0,,A,,A,,,,['Sabin2ref'],[1960],['T'],[654],['T'],['Syn']
260,260,132076.0,Sabin2ref,2267.0,2796.0,1.0,0.0,1.0,Sabin2ref_C2708C,2265.0,2795.0,1.0,0.0,,2708.0,,C,,C,,,,['Sabin2ref'],[1961],['T'],[654],['T'],['Syn']
261,261,132076.0,Sabin2ref,2354.0,2730.0,1.0,0.0,1.0,Sabin2ref_G2709G,2354.0,2728.0,1.0,0.0,,2709.0,,G,,G,,,,['Sabin2ref'],[1962],['T'],[654],['T'],['Syn']
262,262,132076.0,Sabin2ref,2361.0,2678.0,1.0,0.0,1.0,Sabin2ref_G2710G,2361.0,2675.0,1.0,0.0,,2710.0,,G,,G,,,,['Sabin2ref'],[1963],['V'],[655],['V'],['Syn']
263,263,132076.0,Sabin2ref,2299.0,2487.0,1.0,0.0,1.0,Sabin2ref_T2711T,2298.0,2483.0,1.0,0.0,,2711.0,,T,,T,,,,['Sabin2ref'],[1964],['V'],[655],['V'],['Syn']
264,264,132076.0,Sabin2ref,2256.0,2621.0,1.0,0.0,1.0,Sabin2ref_T2712T,2255.0,2618.0,1.0,0.0,,2712.0,,T,,T,,,,['Sabin2ref'],[1965],['V'],[655],['V'],['Syn']
265,265,132076.0,Sabin2ref,2456.0,2644.0,1.0,0.0,1.0,Sabin2ref_G2713G,2453.0,2644.0,1.0,0.0,,2713.0,,G,,G,,,,['Sabin2ref'],[1966],['E'],[656],['E'],['Syn']
266,266,132076.0,Sabin2ref,2436.0,2694.0,1.0,0.0,1.0,Sabin2ref_A2714A,2433.0,2693.0,1.0,0.0,,2714.0,,A,,A,,,,['Sabin2ref'],[1967],['E'],[656],['E'],['Syn']
267,267,132076.0,Sabin2ref,2456.0,2767.0,1.0,0.0,1.0,Sabin2ref_G2715G,2456.0,2766.0,1.0,0.0,,2715.0,,G,,G,,,,['Sabin2ref'],[1968],['E'],[656],['E'],['Syn']
268,268,132076.0,Sabin2ref,2418.0,2644.0,1.0,0.0,1.0,Sabin2ref_T2716T,2418.0,2644.0,1.0,0.0,,2716.0,,T,,T,,,,['Sabin2ref'],[1969],['S'],[657],['S'],['Syn']
269,269,132076.0,Sabin2ref,2382.0,2747.0,1.0,0.0,1.0,Sabin2ref_C2717C,2382.0,2747.0,1.0,0.0,,2717.0,,C,,C,,,,['Sabin2ref'],[1970],['S'],[657],['S'],['Syn']
270,270,132076.0,Sabin2ref,2460.0,2763.0,1.0,0.0,1.0,Sabin2ref_A2718A,2460.0,2763.0,1.0,0.0,,2718.0,,A,,A,,,,['Sabin2ref'],[1971],['S'],[657],['S'],['Syn']
271,271,132076.0,Sabin2ref,2333.0,2790.0,1.0,0.0,1.0,Sabin2ref_T2719T,2332.0,2789.0,1.0,0.0,,2719.0,,T,,T,,,,['Sabin2ref'],[1972],['F'],[658],['F'],['Syn']
272,272,132076.0,Sabin2ref,2381.0,2779.0,1.0,0.0,1.0,Sabin2ref_T2720T,2377.0,2778.0,1.0,0.0,,2720.0,,T,,T,,,,['Sabin2ref'],[1973],['F'],[658],['F'],['Syn']
273,273,132076.0,Sabin2ref,2407.0,2792.0,1.0,0.0,1.0,Sabin2ref_C2721C,2406.0,2792.0,1.0,0.0,,2721.0,,C,,C,,,,['Sabin2ref'],[1974],['F'],[658],['F'],['Syn']
274,274,132076.0,Sabin2ref,2348.0,2741.0,1.0,0.0,1.0,Sabin2ref_T2722T,2345.0,2740.0,1.0,0.0,,2722.0,,T,,T,,,,['Sabin2ref'],[1975],['F'],[659],['F'],['Syn']
275,275,132076.0,Sabin2ref,2412.0,2797.0,1.0,0.0,1.0,Sabin2ref_T2723T,2411.0,2797.0,1.0,0.0,,2723.0,,T,,T,,,,['Sabin2ref'],[1976],['F'],[659],['F'],['Syn']
276,276,132076.0,Sabin2ref,2434.0,2775.0,1.0,0.0,1.0,Sabin2ref_T2724T,2432.0,2775.0,1.0,0.0,,2724.0,,T,,T,,,,['Sabin2ref'],[1977],['F'],[659],['F'],['Syn']
277,277,132076.0,Sabin2ref,2455.0,2752.0,1.0,0.0,1.0,Sabin2ref_G2725G,2455.0,2752.0,1.0,0.0,,2725.0,,G,,G,,,,['Sabin2ref'],[1978],['A'],[660],['A'],['Syn']
278,278,132076.0,Sabin2ref,2432.0,2806.0,1.0,0.0,1.0,Sabin2ref_C2726C,2430.0,2806.0,1.0,0.0,,2726.0,,C,,C,,,,['Sabin2ref'],[1979],['A'],[660],['A'],['Syn']
279,279,132076.0,Sabin2ref,2461.0,2777.0,1.0,0.0,1.0,Sabin2ref_A2727A,2460.0,2777.0,1.0,0.0,,2727.0,,A,,A,,,,['Sabin2ref'],[1980],['A'],[660],['A'],['Syn']
280,280,132076.0,Sabin2ref,2475.0,2765.0,1.0,0.0,1.0,Sabin2ref_A2728A,2475.0,2765.0,1.0,0.0,,2728.0,,A,,A,,,,['Sabin2ref'],[1981],['R'],[661],['R'],['Syn']
281,281,132076.0,Sabin2ref,2473.0,2781.0,1.0,0.0,1.0,Sabin2ref_G2729G,2472.0,2781.0,1.0,0.0,,2729.0,,G,,G,,,,['Sabin2ref'],[1982],['R'],[661],['R'],['Syn']
282,282,132076.0,Sabin2ref,2394.0,2766.0,1.0,0.0,1.0,Sabin2ref_A2730A,2394.0,2766.0,1.0,0.0,,2730.0,,A,,A,,,,['Sabin2ref'],[1983],['R'],[661],['R'],['Syn']
283,283,132076.0,Sabin2ref,2543.0,2701.0,1.0,0.0,1.0,Sabin2ref_G2731G,2543.0,2701.0,1.0,0.0,,2731.0,,G,,G,,,,['Sabin2ref'],[1984],['G'],[662],['G'],['Syn']
284,284,132076.0,Sabin2ref,2537.0,2689.0,1.0,0.0,1.0,Sabin2ref_G2732G,2537.0,2688.0,1.0,0.0,,2732.0,,G,,G,,,,['Sabin2ref'],[1985],['G'],[662],['G'],['Syn']
285,285,132076.0,Sabin2ref,2466.0,2586.0,1.0,0.0,1.0,Sabin2ref_G2733G,2466.0,2585.0,1.0,0.0,,2733.0,,G,,G,,,,['Sabin2ref'],[1986],['G'],[662],['G'],['Syn']
286,286,132076.0,Sabin2ref,2488.0,2626.0,1.0,0.0,1.0,Sabin2ref_G2734G,2486.0,2624.0,1.0,0.0,,2734.0,,G,,G,,,,['Sabin2ref'],[1987],['A'],[663],['A'],['Syn']
287,287,132076.0,Sabin2ref,2352.0,2720.0,1.0,0.0,1.0,Sabin2ref_C2735C,2351.0,2720.0,1.0,0.0,,2735.0,,C,,C,,,,['Sabin2ref'],[1988],['A'],[663],['A'],['Syn']
288,288,132076.0,Sabin2ref,2440.0,2645.0,1.0,0.0,1.0,Sabin2ref_T2736T,2440.0,2645.0,1.0,0.0,,2736.0,,T,,T,,,,['Sabin2ref'],[1989],['A'],[663],['A'],['Syn']
289,289,132076.0,Sabin2ref,2484.0,2732.0,1.0,0.0,1.0,Sabin2ref_T2737T,2484.0,2731.0,1.0,0.0,,2737.0,,T,,T,,,,['Sabin2ref'],[1990],['C'],[664],['C'],['Syn']
290,290,132076.0,Sabin2ref,2521.0,2717.0,1.0,0.0,1.0,Sabin2ref_G2738G,2521.0,2717.0,1.0,0.0,,2738.0,,G,,G,,,,['Sabin2ref'],[1991],['C'],[664],['C'],['Syn']
291,291,132076.0,Sabin2ref,2478.0,2771.0,1.0,0.0,1.0,Sabin2ref_C2739C,2474.0,2768.0,1.0,0.0,,2739.0,,C,,C,,,,['Sabin2ref'],[1992],['C'],[664],['C'],['Syn']
292,292,132076.0,Sabin2ref,2546.0,2709.0,1.0,0.0,1.0,Sabin2ref_G2740G,2546.0,2709.0,1.0,0.0,,2740.0,,G,,G,,,,['Sabin2ref'],[1993],['V'],[665],['V'],['Syn']
293,293,132076.0,Sabin2ref,2490.0,2590.0,1.0,0.0,1.0,Sabin2ref_T2741T,2490.0,2589.0,1.0,0.0,,2741.0,,T,,T,,,,['Sabin2ref'],[1994],['V'],[665],['V'],['Syn']
294,294,132076.0,Sabin2ref,2479.0,2643.0,1.0,0.0,1.0,Sabin2ref_G2742G,2479.0,2643.0,1.0,0.0,,2742.0,,G,,G,,,,['Sabin2ref'],[1995],['V'],[665],['V'],['Syn']
295,295,132076.0,Sabin2ref,2486.0,2679.0,1.0,0.0,1.0,Sabin2ref_G2743G,2485.0,2674.0,1.0,0.0,,2743.0,,G,,G,,,,['Sabin2ref'],[1996],['A'],[666],['A'],['Syn']
296,296,132076.0,Sabin2ref,2428.0,2765.0,1.0,0.0,1.0,Sabin2ref_C2744C,2428.0,2765.0,1.0,0.0,,2744.0,,C,,C,,,,['Sabin2ref'],[1997],['A'],[666],['A'],['Syn']
297,297,132076.0,Sabin2ref,2516.0,2693.0,1.0,0.0,1.0,Sabin2ref_T2745T,2515.0,2693.0,1.0,0.0,,2745.0,,T,,T,,,,['Sabin2ref'],[1998],['A'],[666],['A'],['Syn']
298,298,132076.0,Sabin2ref,2504.0,2735.0,1.0,0.0,1.0,Sabin2ref_A2746A,2503.0,2735.0,1.0,0.0,,2746.0,,A,,A,,,,['Sabin2ref'],[1999],['I'],[667],['I'],['Syn']
299,299,132076.0,Sabin2ref,2502.0,2853.0,1.0,0.0,1.0,Sabin2ref_T2747T,2501.0,2852.0,1.0,0.0,,2747.0,,T,,T,,,,['Sabin2ref'],[2000],['I'],[667],['I'],['Syn']
300,300,132076.0,Sabin2ref,2526.0,2871.0,1.0,0.0,1.0,Sabin2ref_C2748C,2525.0,2869.0,1.0,0.0,,2748.0,,C,,C,,,,['Sabin2ref'],[2001],['I'],[667],['I'],['Syn']
301,301,132076.0,Sabin2ref,2572.0,2840.0,1.0,0.0,1.0,Sabin2ref_A2749A,2572.0,2840.0,1.0,0.0,,2749.0,,A,,A,,,,['Sabin2ref'],[2002],['I'],[668],['I'],['Syn']
302,302,132076.0,Sabin2ref,2567.0,2855.0,1.0,0.0,1.0,Sabin2ref_T2750T,2565.0,2852.0,1.0,0.0,,2750.0,,T,,T,,,,['Sabin2ref'],[2003],['I'],[668],['I'],['Syn']
303,303,132076.0,Sabin2ref,5751.0,5425.0,1.0,0.0,1.0,Sabin2ref_T5319G,3.0,1.0,1.0,0.0,,5319.0,,T,,G,,,,['Sabin2ref'],[4572],['A'],[1524],['A'],['Syn']
304,304,132076.0,Sabin2ref,5897.0,5516.0,1.0,1.0,1.0,Sabin2ref_G5320G,5891.0,5513.0,1.0,1.0,,5320.0,,G,,G,,,,['Sabin2ref'],[4573],['A'],[1525],['A'],['Syn']
305,305,132076.0,Sabin2ref,5774.0,5482.0,0.0,1.0,1.0,Sabin2ref_C5321C,5770.0,5481.0,0.0,1.0,,5321.0,,C,,C,,,,['Sabin2ref'],[4574],['A'],[1525],['A'],['Syn']
306,306,132076.0,Sabin2ref,5809.0,5568.0,1.0,1.0,1.0,Sabin2ref_A5322A,5808.0,5567.0,1.0,1.0,,5322.0,,A,,A,,,,['Sabin2ref'],[4575],['A'],[1525],['A'],['Syn']
307,307,132076.0,Sabin2ref,5938.0,5578.0,1.0,1.0,1.0,Sabin2ref_G5323G,5935.0,5576.0,1.0,1.0,,5323.0,,G,,G,,,,['Sabin2ref'],[4576],['V'],[1526],['V'],['Syn']
308,308,132076.0,Sabin2ref,5866.0,5337.0,0.0,1.0,1.0,Sabin2ref_T5324T,5865.0,5334.0,0.0,1.0,,5324.0,,T,,T,,,,['Sabin2ref'],[4577],['V'],[1526],['V'],['Syn']
309,309,132076.0,Sabin2ref,5619.0,5600.0,0.0,1.0,1.0,Sabin2ref_A5325A,5616.0,5598.0,0.0,1.0,,5325.0,,A,,A,,,,['Sabin2ref'],[4578],['V'],[1526],['V'],['Syn']
310,310,132076.0,Sabin2ref,5946.0,5602.0,1.0,1.0,1.0,Sabin2ref_G5326G,5943.0,5601.0,1.0,1.0,,5326.0,,G,,G,,,,['Sabin2ref'],[4579],['A'],[1527],['A'],['Syn']
311,311,132076.0,Sabin2ref,5740.0,5688.0,1.0,1.0,1.0,Sabin2ref_C5327C,5737.0,5685.0,1.0,1.0,,5327.0,,C,,C,,,,['Sabin2ref'],[4580],['A'],[1527],['A'],['Syn']
312,312,132076.0,Sabin2ref,5798.0,5699.0,1.0,1.0,1.0,Sabin2ref_C5328C,5796.0,5697.0,1.0,1.0,,5328.0,,C,,C,,,,['Sabin2ref'],[4581],['A'],[1527],['A'],['Syn']
313,313,132076.0,Sabin2ref,5990.0,5589.0,1.0,0.0,1.0,Sabin2ref_G5329G,5984.0,5582.0,1.0,0.0,,5329.0,,G,,G,,,,['Sabin2ref'],[4582],['G'],[1528],['G'],['Syn']
314,314,132076.0,Sabin2ref,5956.0,5478.0,1.0,1.0,1.0,Sabin2ref_G5330G,5951.0,5476.0,1.0,1.0,,5330.0,,G,,G,,,,['Sabin2ref'],[4583],['G'],[1528],['G'],['Syn']
315,315,132076.0,Sabin2ref,5909.0,5023.0,1.0,1.0,1.0,Sabin2ref_T5331T,5905.0,5022.0,1.0,1.0,,5331.0,,T,,T,,,,['Sabin2ref'],[4584],['G'],[1528],['G'],['Syn']
316,316,132076.0,Sabin2ref,5966.0,5432.0,1.0,1.0,1.0,Sabin2ref_G5332G,5961.0,5430.0,1.0,1.0,,5332.0,,G,,G,,,,['Sabin2ref'],[4585],['V'],[1529],['V'],['Syn']
317,317,132076.0,Sabin2ref,5876.0,5385.0,1.0,1.0,1.0,Sabin2ref_T5333T,5874.0,5384.0,1.0,1.0,,5333.0,,T,,T,,,,['Sabin2ref'],[4586],['V'],[1529],['V'],['Syn']
318,318,132076.0,Sabin2ref,5814.0,5690.0,0.0,1.0,1.0,Sabin2ref_C5334C,5813.0,5690.0,0.0,1.0,,5334.0,,C,,C,,,,['Sabin2ref'],[4587],['V'],[1529],['V'],['Syn']
319,319,132076.0,Sabin2ref,5982.0,5712.0,1.0,1.0,1.0,Sabin2ref_G5335G,5977.0,5709.0,1.0,1.0,,5335.0,,G,,G,,,,['Sabin2ref'],[4588],['V'],[1530],['V'],['Syn']
320,320,132076.0,Sabin2ref,5879.0,5613.0,1.0,1.0,1.0,Sabin2ref_T5336T,5877.0,5611.0,1.0,1.0,,5336.0,,T,,T,,,,['Sabin2ref'],[4589],['V'],[1530],['V'],['Syn']
321,321,132076.0,Sabin2ref,5924.0,5652.0,0.0,1.0,1.0,Sabin2ref_G5337G,5922.0,5652.0,0.0,1.0,,5337.0,,G,,G,,,,['Sabin2ref'],[4590],['V'],[1530],['V'],['Syn']
322,322,132076.0,Sabin2ref,5913.0,5539.0,0.0,1.0,1.0,Sabin2ref_T5338T,5913.0,5537.0,0.0,1.0,,5338.0,,T,,T,,,,['Sabin2ref'],[4591],['Y'],[1531],['Y'],['Syn']
323,323,132076.0,Sabin2ref,5767.0,5711.0,0.0,1.0,1.0,Sabin2ref_A5339A,5766.0,5710.0,0.0,1.0,,5339.0,,A,,A,,,,['Sabin2ref'],[4592],['Y'],[1531],['Y'],['Syn']
324,324,132076.0,Sabin2ref,5900.0,5775.0,0.0,1.0,1.0,Sabin2ref_C5340C,5899.0,5772.0,0.0,1.0,,5340.0,,C,,C,,,,['Sabin2ref'],[4593],['Y'],[1531],['Y'],['Syn']
325,325,132076.0,Sabin2ref,5940.0,5795.0,1.0,1.0,1.0,Sabin2ref_G5341G,5938.0,5792.0,1.0,1.0,,5341.0,,G,,G,,,,['Sabin2ref'],[4594],['V'],[1532],['V'],['Syn']
326,326,132076.0,Sabin2ref,5906.0,5616.0,1.0,1.0,1.0,Sabin2ref_T5342T,5905.0,5611.0,1.0,1.0,,5342.0,,T,,T,,,,['Sabin2ref'],[4595],['V'],[1532],['V'],['Syn']
327,327,132076.0,Sabin2ref,5940.0,5665.0,1.0,0.0,1.0,Sabin2ref_T5343T,5940.0,5661.0,1.0,0.0,,5343.0,,T,,T,,,,['Sabin2ref'],[4596],['V'],[1532],['V'],['Syn']
328,328,132076.0,Sabin2ref,5967.0,5851.0,1.0,1.0,1.0,Sabin2ref_A5344A,5964.0,5849.0,1.0,1.0,,5344.0,,A,,A,,,,['Sabin2ref'],[4597],['M'],[1533],['M'],['Syn']
329,329,132076.0,Sabin2ref,5948.0,5862.0,1.0,1.0,1.0,Sabin2ref_T5345T,5945.0,5861.0,1.0,1.0,,5345.0,,T,,T,,,,['Sabin2ref'],[4598],['M'],[1533],['M'],['Syn']
330,330,132076.0,Sabin2ref,6065.0,5998.0,1.0,1.0,1.0,Sabin2ref_G5346G,6064.0,5995.0,1.0,1.0,,5346.0,,G,,G,,,,['Sabin2ref'],[4599],['M'],[1533],['M'],['Syn']
331,331,132076.0,Sabin2ref,6039.0,5841.0,1.0,1.0,1.0,Sabin2ref_T5347T,6036.0,5839.0,1.0,1.0,,5347.0,,T,,T,,,,['Sabin2ref'],[4600],['Y'],[1534],['Y'],['Syn']
332,332,132076.0,Sabin2ref,5916.0,5941.0,1.0,1.0,1.0,Sabin2ref_A5348A,5915.0,5938.0,1.0,1.0,,5348.0,,A,,A,,,,['Sabin2ref'],[4601],['Y'],[1534],['Y'],['Syn']
333,333,132076.0,Sabin2ref,5992.0,5860.0,1.0,1.0,1.0,Sabin2ref_C5349C,5990.0,5858.0,1.0,1.0,,5349.0,,C,,C,,,,['Sabin2ref'],[4602],['Y'],[1534],['Y'],['Syn']
334,334,132076.0,Sabin2ref,5935.0,5867.0,1.0,1.0,1.0,Sabin2ref_A5350A,5933.0,5865.0,1.0,1.0,,5350.0,,A,,A,,,,['Sabin2ref'],[4603],['K'],[1535],['K'],['Syn']
335,335,132076.0,Sabin2ref,5938.0,5836.0,1.0,1.0,1.0,Sabin2ref_A5351A,5935.0,5834.0,1.0,1.0,,5351.0,,A,,A,,,,['Sabin2ref'],[4604],['K'],[1535],['K'],['Syn']
336,336,132076.0,Sabin2ref,5925.0,5681.0,1.0,1.0,1.0,Sabin2ref_G5352G,5923.0,5680.0,1.0,1.0,,5352.0,,G,,G,,,,['Sabin2ref'],[4605],['K'],[1535],['K'],['Syn']
337,337,132076.0,Sabin2ref,5787.0,5644.0,1.0,1.0,1.0,Sabin2ref_C5353C,5786.0,5644.0,1.0,1.0,,5353.0,,C,,C,,,,['Sabin2ref'],[4606],['L'],[1536],['L'],['Syn']
338,338,132076.0,Sabin2ref,5671.0,5620.0,1.0,1.0,1.0,Sabin2ref_T5354T,5670.0,5619.0,1.0,1.0,,5354.0,,T,,T,,,,['Sabin2ref'],[4607],['L'],[1536],['L'],['Syn']
339,339,132076.0,Sabin2ref,5668.0,5641.0,0.0,1.0,1.0,Sabin2ref_G5355G,5666.0,5638.0,0.0,1.0,,5355.0,,G,,G,,,,['Sabin2ref'],[4608],['L'],[1536],['L'],['Syn']
340,340,132076.0,Sabin2ref,5523.0,5586.0,1.0,1.0,1.0,Sabin2ref_T5356T,5522.0,5585.0,1.0,1.0,,5356.0,,T,,T,,,,['Sabin2ref'],[4609],['F'],[1537],['F'],['Syn']
341,341,132076.0,Sabin2ref,5425.0,5668.0,1.0,1.0,1.0,Sabin2ref_T5357T,5424.0,5668.0,1.0,1.0,,5357.0,,T,,T,,,,['Sabin2ref'],[4610],['F'],[1537],['F'],['Syn']
342,342,132076.0,Sabin2ref,5683.0,5670.0,1.0,0.0,1.0,Sabin2ref_C5358C,5680.0,5668.0,1.0,0.0,,5358.0,,C,,C,,,,['Sabin2ref'],[4611],['F'],[1537],['F'],['Syn']
343,343,132076.0,Sabin2ref,5699.0,5533.0,1.0,1.0,1.0,Sabin2ref_G5359G,5696.0,5532.0,1.0,1.0,,5359.0,,G,,G,,,,['Sabin2ref'],[4612],['A'],[1538],['A'],['Syn']
344,344,132076.0,Sabin2ref,5691.0,5578.0,1.0,1.0,1.0,Sabin2ref_C5360C,5687.0,5575.0,1.0,1.0,,5360.0,,C,,C,,,,['Sabin2ref'],[4613],['A'],[1538],['A'],['Syn']
345,345,132076.0,Sabin2ref,5690.0,5456.0,1.0,1.0,1.0,Sabin2ref_T5361T,5687.0,5450.0,1.0,1.0,,5361.0,,T,,T,,,,['Sabin2ref'],[4614],['A'],[1538],['A'],['Syn']
346,346,132076.0,Sabin2ref,5694.0,5490.0,1.0,1.0,1.0,Sabin2ref_G5362G,5691.0,5484.0,1.0,1.0,,5362.0,,G,,G,,,,['Sabin2ref'],[4615],['G'],[1539],['G'],['Syn']
347,347,132076.0,Sabin2ref,5699.0,5176.0,1.0,1.0,1.0,Sabin2ref_G5363G,5694.0,5172.0,1.0,1.0,,5363.0,,G,,G,,,,['Sabin2ref'],[4616],['G'],[1539],['G'],['Syn']
348,348,132076.0,Sabin2ref,5704.0,5400.0,1.0,1.0,1.0,Sabin2ref_G5364G,5692.0,5392.0,1.0,1.0,,5364.0,,G,,G,,,,['Sabin2ref'],[4617],['G'],[1539],['G'],['Syn']
349,349,132076.0,Sabin2ref,5475.0,5571.0,0.0,1.0,1.0,Sabin2ref_A5366A,5473.0,5569.0,0.0,1.0,,5366.0,,A,,A,,,,['Sabin2ref'],[4619],['H'],[1540],['H'],['Syn']
350,350,132076.0,Sabin2ref,5652.0,5579.0,1.0,0.0,1.0,Sabin2ref_C5367C,5651.0,5579.0,1.0,0.0,,5367.0,,C,,C,,,,['Sabin2ref'],[4620],['H'],[1540],['H'],['Syn']
351,351,132076.0,Sabin2ref,5721.0,5637.0,1.0,1.0,1.0,Sabin2ref_C5368C,5720.0,5637.0,1.0,1.0,,5368.0,,C,,C,,,,['Sabin2ref'],[4621],['Q'],[1541],['Q'],['Syn']
352,352,132076.0,Sabin2ref,5690.0,5576.0,1.0,1.0,1.0,Sabin2ref_A5369A,5684.0,5570.0,1.0,1.0,,5369.0,,A,,A,,,,['Sabin2ref'],[4622],['Q'],[1541],['Q'],['Syn']
353,353,132076.0,Sabin2ref,5754.0,5583.0,1.0,1.0,1.0,Sabin2ref_G5370G,5751.0,5582.0,1.0,1.0,,5370.0,,G,,G,,,,['Sabin2ref'],[4623],['Q'],[1541],['Q'],['Syn']
354,354,132076.0,Sabin2ref,5765.0,5605.0,1.0,1.0,1.0,Sabin2ref_G5371G,5762.0,5603.0,1.0,1.0,,5371.0,,G,,G,,,,['Sabin2ref'],[4624],['G'],[1542],['G'],['Syn']
355,355,132076.0,Sabin2ref,5812.0,5566.0,1.0,1.0,1.0,Sabin2ref_G5372G,5807.0,5563.0,1.0,1.0,,5372.0,,G,,G,,,,['Sabin2ref'],[4625],['G'],[1542],['G'],['Syn']
356,356,132076.0,Sabin2ref,5693.0,5101.0,1.0,1.0,1.0,Sabin2ref_T5373T,5691.0,5098.0,1.0,1.0,,5373.0,,T,,T,,,,['Sabin2ref'],[4626],['G'],[1542],['G'],['Syn']
357,357,132076.0,Sabin2ref,5665.0,5552.0,1.0,1.0,1.0,Sabin2ref_G5374G,5655.0,5542.0,1.0,1.0,,5374.0,,G,,G,,,,['Sabin2ref'],[4627],['A'],[1543],['A'],['Syn']
358,358,132076.0,Sabin2ref,5593.0,5721.0,1.0,1.0,1.0,Sabin2ref_C5375C,5590.0,5719.0,1.0,1.0,,5375.0,,C,,C,,,,['Sabin2ref'],[4628],['A'],[1543],['A'],['Syn']
359,359,132076.0,Sabin2ref,5680.0,5896.0,1.0,1.0,1.0,Sabin2ref_A5376A,5678.0,5894.0,1.0,1.0,,5376.0,,A,,A,,,,['Sabin2ref'],[4629],['A'],[1543],['A'],['Syn']
360,360,132076.0,Sabin2ref,5702.0,5965.0,1.0,1.0,1.0,Sabin2ref_T5377T,5701.0,5964.0,1.0,1.0,,5377.0,,T,,T,,,,['Sabin2ref'],[4630],['Y'],[1544],['Y'],['Syn']
361,361,132076.0,Sabin2ref,5614.0,5994.0,1.0,1.0,1.0,Sabin2ref_A5378A,5613.0,5994.0,1.0,1.0,,5378.0,,A,,A,,,,['Sabin2ref'],[4631],['Y'],[1544],['Y'],['Syn']
362,362,132076.0,Sabin2ref,5660.0,6007.0,1.0,0.0,1.0,Sabin2ref_C5379C,5658.0,6006.0,1.0,0.0,,5379.0,,C,,C,,,,['Sabin2ref'],[4632],['Y'],[1544],['Y'],['Syn']
363,363,132076.0,Sabin2ref,5515.0,5896.0,1.0,1.0,1.0,Sabin2ref_A5380A,5510.0,5894.0,1.0,1.0,,5380.0,,A,,A,,,,['Sabin2ref'],[4633],['T'],[1545],['T'],['Syn']
364,364,132076.0,Sabin2ref,5533.0,5952.0,1.0,0.0,1.0,Sabin2ref_C5381C,5530.0,5948.0,1.0,0.0,,5381.0,,C,,C,,,,['Sabin2ref'],[4634],['T'],[1545],['T'],['Syn']
365,365,132076.0,Sabin2ref,5490.0,5828.0,1.0,1.0,1.0,Sabin2ref_T5382T,5486.0,5826.0,1.0,1.0,,5382.0,,T,,T,,,,['Sabin2ref'],[4635],['T'],[1545],['T'],['Syn']
366,366,132076.0,Sabin2ref,5477.0,5907.0,1.0,1.0,1.0,Sabin2ref_G5383G,5476.0,5906.0,1.0,1.0,,5383.0,,G,,G,,,,['Sabin2ref'],[4636],['G'],[1546],['G'],['Syn']
367,367,132076.0,Sabin2ref,5482.0,5892.0,1.0,1.0,1.0,Sabin2ref_G5384G,5481.0,5890.0,1.0,1.0,,5384.0,,G,,G,,,,['Sabin2ref'],[4637],['G'],[1546],['G'],['Syn']
368,368,132076.0,Sabin2ref,5330.0,5642.0,1.0,0.0,1.0,Sabin2ref_T5385T,5322.0,5637.0,1.0,0.0,,5385.0,,T,,T,,,,['Sabin2ref'],[4638],['G'],[1546],['G'],['Syn']
369,369,132076.0,Sabin2ref,5381.0,5808.0,1.0,1.0,1.0,Sabin2ref_T5386T,5375.0,5803.0,1.0,1.0,,5386.0,,T,,T,,,,['Sabin2ref'],[4639],['L'],[1547],['L'],['Syn']
370,370,132076.0,Sabin2ref,5352.0,5843.0,1.0,0.0,1.0,Sabin2ref_T5387T,5349.0,5843.0,1.0,0.0,,5387.0,,T,,T,,,,['Sabin2ref'],[4640],['L'],[1547],['L'],['Syn']
371,371,132076.0,Sabin2ref,5357.0,5798.0,1.0,1.0,1.0,Sabin2ref_G5388G,5354.0,5797.0,1.0,1.0,,5388.0,,G,,G,,,,['Sabin2ref'],[4641],['L'],[1547],['L'],['Syn']
372,372,132076.0,Sabin2ref,5328.0,5822.0,1.0,1.0,1.0,Sabin2ref_C5389C,5320.0,5813.0,1.0,1.0,,5389.0,,C,,C,,,,['Sabin2ref'],[4642],['P'],[1548],['P'],['Syn']
373,373,132076.0,Sabin2ref,5357.0,5851.0,1.0,0.0,1.0,Sabin2ref_C5390C,5356.0,5849.0,1.0,0.0,,5390.0,,C,,C,,,,['Sabin2ref'],[4643],['P'],[1548],['P'],['Syn']
374,374,132076.0,Sabin2ref,5468.0,5861.0,1.0,0.0,1.0,Sabin2ref_A5391A,5463.0,5854.0,1.0,0.0,,5391.0,,A,,A,,,,['Sabin2ref'],[4644],['P'],[1548],['P'],['Syn']
375,375,132076.0,Sabin2ref,5413.0,5847.0,1.0,1.0,1.0,Sabin2ref_A5392A,5412.0,5845.0,1.0,1.0,,5392.0,,A,,A,,,,['Sabin2ref'],[4645],['N'],[1549],['N'],['Syn']
376,376,132076.0,Sabin2ref,5455.0,5813.0,0.0,1.0,1.0,Sabin2ref_A5393A,5453.0,5809.0,0.0,1.0,,5393.0,,A,,A,,,,['Sabin2ref'],[4646],['N'],[1549],['N'],['Syn']
377,377,132076.0,Sabin2ref,5381.0,5710.0,1.0,1.0,1.0,Sabin2ref_T5394T,5377.0,5704.0,1.0,1.0,,5394.0,,T,,T,,,,['Sabin2ref'],[4647],['N'],[1549],['N'],['Syn']
378,378,132076.0,Sabin2ref,5372.0,5717.0,0.0,1.0,1.0,Sabin2ref_A5396A,5372.0,5716.0,0.0,1.0,,5396.0,,A,,A,,,,['Sabin2ref'],[4649],['K'],[1550],['K'],['Syn']
379,379,132076.0,Sabin2ref,5142.0,5690.0,0.0,1.0,1.0,Sabin2ref_A5397A,5141.0,5689.0,0.0,1.0,,5397.0,,A,,A,,,,['Sabin2ref'],[4650],['K'],[1550],['K'],['Syn']
380,380,132076.0,Sabin2ref,5470.0,5664.0,1.0,1.0,1.0,Sabin2ref_C5398C,5463.0,5660.0,1.0,1.0,,5398.0,,C,,C,,,,['Sabin2ref'],[4651],['R'],[1551],['R'],['Syn']
381,381,132076.0,Sabin2ref,5452.0,5562.0,1.0,1.0,1.0,Sabin2ref_G5399G,5450.0,5560.0,1.0,1.0,,5399.0,,G,,G,,,,['Sabin2ref'],[4652],['R'],[1551],['R'],['Syn']
382,382,132076.0,Sabin2ref,5287.0,5613.0,1.0,1.0,1.0,Sabin2ref_A5400A,5285.0,5611.0,1.0,1.0,,5400.0,,A,,A,,,,['Sabin2ref'],[4653],['R'],[1551],['R'],['Syn']
383,383,132076.0,Sabin2ref,5413.0,5664.0,1.0,1.0,1.0,Sabin2ref_C5401C,5412.0,5663.0,1.0,1.0,,5401.0,,C,,C,,,,['Sabin2ref'],[4654],['P'],[1552],['P'],['Syn']
384,384,132076.0,Sabin2ref,5474.0,5688.0,1.0,0.0,1.0,Sabin2ref_C5402C,5474.0,5688.0,1.0,0.0,,5402.0,,C,,C,,,,['Sabin2ref'],[4655],['P'],[1552],['P'],['Syn']
385,385,132076.0,Sabin2ref,5472.0,5736.0,1.0,0.0,1.0,Sabin2ref_C5403C,5470.0,5734.0,1.0,0.0,,5403.0,,C,,C,,,,['Sabin2ref'],[4656],['P'],[1552],['P'],['Syn']
386,386,132076.0,Sabin2ref,5594.0,5794.0,1.0,1.0,1.0,Sabin2ref_A5404A,5592.0,5794.0,1.0,1.0,,5404.0,,A,,A,,,,['Sabin2ref'],[4657],['N'],[1553],['N'],['Syn']
387,387,132076.0,Sabin2ref,5584.0,5794.0,1.0,1.0,1.0,Sabin2ref_A5405A,5581.0,5791.0,1.0,1.0,,5405.0,,A,,A,,,,['Sabin2ref'],[4658],['N'],[1553],['N'],['Syn']
388,388,132076.0,Sabin2ref,5532.0,5859.0,1.0,1.0,1.0,Sabin2ref_T5406T,5532.0,5859.0,1.0,1.0,,5406.0,,T,,T,,,,['Sabin2ref'],[4659],['N'],[1553],['N'],['Syn']
389,389,132076.0,Sabin2ref,5597.0,5898.0,1.0,1.0,1.0,Sabin2ref_G5407G,5596.0,5898.0,1.0,1.0,,5407.0,,G,,G,,,,['Sabin2ref'],[4660],['V'],[1554],['V'],['Syn']
390,390,132076.0,Sabin2ref,5514.0,5588.0,1.0,1.0,1.0,Sabin2ref_T5408T,5513.0,5583.0,1.0,1.0,,5408.0,,T,,T,,,,['Sabin2ref'],[4661],['V'],[1554],['V'],['Syn']
391,391,132076.0,Sabin2ref,5240.0,5733.0,1.0,1.0,1.0,Sabin2ref_A5409A,5238.0,5733.0,1.0,1.0,,5409.0,,A,,A,,,,['Sabin2ref'],[4662],['V'],[1554],['V'],['Syn']
392,392,132076.0,Sabin2ref,5409.0,5823.0,1.0,1.0,1.0,Sabin2ref_C5410C,5404.0,5818.0,1.0,1.0,,5410.0,,C,,C,,,,['Sabin2ref'],[4663],['P'],[1555],['P'],['Syn']
393,393,132076.0,Sabin2ref,5367.0,5810.0,0.0,1.0,1.0,Sabin2ref_C5411C,5364.0,5808.0,0.0,1.0,,5411.0,,C,,C,,,,['Sabin2ref'],[4664],['P'],[1555],['P'],['Syn']
394,394,132076.0,Sabin2ref,5350.0,5801.0,1.0,1.0,1.0,Sabin2ref_C5412C,5347.0,5801.0,1.0,1.0,,5412.0,,C,,C,,,,['Sabin2ref'],[4665],['P'],[1555],['P'],['Syn']
395,395,132076.0,Sabin2ref,5109.0,5770.0,1.0,1.0,1.0,Sabin2ref_A5413A,5105.0,5769.0,1.0,1.0,,5413.0,,A,,A,,,,['Sabin2ref'],[4666],['T'],[1556],['T'],['Syn']
396,396,132076.0,Sabin2ref,5332.0,5888.0,1.0,1.0,1.0,Sabin2ref_C5414C,5332.0,5888.0,1.0,1.0,,5414.0,,C,,C,,,,['Sabin2ref'],[4667],['T'],[1556],['T'],['Syn']
397,397,132076.0,Sabin2ref,5277.0,5895.0,1.0,1.0,1.0,Sabin2ref_T5415T,5274.0,5893.0,1.0,1.0,,5415.0,,T,,T,,,,['Sabin2ref'],[4668],['T'],[1556],['T'],['Syn']
398,398,132076.0,Sabin2ref,5345.0,5846.0,1.0,1.0,1.0,Sabin2ref_A5416A,5343.0,5842.0,1.0,1.0,,5416.0,,A,,A,,,,['Sabin2ref'],[4669],['I'],[1557],['I'],['Syn']
399,399,132076.0,Sabin2ref,5282.0,5817.0,0.0,1.0,1.0,Sabin2ref_T5417T,5282.0,5816.0,0.0,1.0,,5417.0,,T,,T,,,,['Sabin2ref'],[4670],['I'],[1557],['I'],['Syn']
400,400,132076.0,Sabin2ref,5357.0,5843.0,1.0,1.0,1.0,Sabin2ref_C5418C,5356.0,5843.0,1.0,1.0,,5418.0,,C,,C,,,,['Sabin2ref'],[4671],['I'],[1557],['I'],['Syn']
401,401,132076.0,Sabin2ref,5322.0,5735.0,1.0,1.0,1.0,Sabin2ref_A5419A,5319.0,5732.0,1.0,1.0,,5419.0,,A,,A,,,,['Sabin2ref'],[4672],['R'],[1558],['R'],['Syn']
402,402,132076.0,Sabin2ref,5369.0,5769.0,1.0,1.0,1.0,Sabin2ref_G5420G,5368.0,5767.0,1.0,1.0,,5420.0,,G,,G,,,,['Sabin2ref'],[4673],['R'],[1558],['R'],['Syn']
403,403,132076.0,Sabin2ref,5353.0,5698.0,1.0,1.0,1.0,Sabin2ref_G5421G,5352.0,5698.0,1.0,1.0,,5421.0,,G,,G,,,,['Sabin2ref'],[4674],['R'],[1558],['R'],['Syn']
404,404,132076.0,Sabin2ref,5297.0,5724.0,1.0,1.0,1.0,Sabin2ref_A5422A,5295.0,5723.0,1.0,1.0,,5422.0,,A,,A,,,,['Sabin2ref'],[4675],['T'],[1559],['T'],['Syn']
405,405,132076.0,Sabin2ref,5214.0,5779.0,1.0,1.0,1.0,Sabin2ref_C5423C,5213.0,5779.0,1.0,1.0,,5423.0,,C,,C,,,,['Sabin2ref'],[4676],['T'],[1559],['T'],['Syn']
406,406,132076.0,Sabin2ref,5163.0,5715.0,1.0,1.0,1.0,Sabin2ref_A5424A,5162.0,5715.0,1.0,1.0,,5424.0,,A,,A,,,,['Sabin2ref'],[4677],['T'],[1559],['T'],['Syn']
407,407,132076.0,Sabin2ref,5190.0,5776.0,1.0,1.0,1.0,Sabin2ref_G5425G,5177.0,5762.0,1.0,1.0,,5425.0,,G,,G,,,,['Sabin2ref'],[4678],['A'],[1560],['A'],['Syn']
408,408,132076.0,Sabin2ref,5233.0,5758.0,1.0,1.0,1.0,Sabin2ref_C5426C,5230.0,5755.0,1.0,1.0,,5426.0,,C,,C,,,,['Sabin2ref'],[4679],['A'],[1560],['A'],['Syn']
409,409,132076.0,Sabin2ref,5350.0,5764.0,1.0,1.0,1.0,Sabin2ref_A5427A,5348.0,5761.0,1.0,1.0,,5427.0,,A,,A,,,,['Sabin2ref'],[4680],['A'],[1560],['A'],['Syn']
410,410,132076.0,Sabin2ref,5367.0,5705.0,1.0,1.0,1.0,Sabin2ref_A5428A,5367.0,5702.0,1.0,1.0,,5428.0,,A,,A,,,,['Sabin2ref'],[4681],['K'],[1561],['K'],['Syn']
411,411,132076.0,Sabin2ref,5314.0,5686.0,1.0,1.0,1.0,Sabin2ref_A5429A,5313.0,5684.0,1.0,1.0,,5429.0,,A,,A,,,,['Sabin2ref'],[4682],['K'],[1561],['K'],['Syn']
412,412,132076.0,Sabin2ref,5300.0,5690.0,1.0,1.0,1.0,Sabin2ref_A5430A,5298.0,5686.0,1.0,1.0,,5430.0,,A,,A,,,,['Sabin2ref'],[4683],['K'],[1561],['K'],['Syn']
413,413,132076.0,Sabin2ref,5249.0,5709.0,1.0,0.0,1.0,Sabin2ref_G5431G,5246.0,5709.0,1.0,0.0,,5431.0,,G,,G,,,,['Sabin2ref'],[4684],['V'],[1562],['V'],['Syn']
414,414,132076.0,Sabin2ref,5150.0,5295.0,1.0,1.0,1.0,Sabin2ref_T5432T,5146.0,5292.0,1.0,1.0,,5432.0,,T,,T,,,,['Sabin2ref'],[4685],['V'],[1562],['V'],['Syn']
415,415,132076.0,Sabin2ref,5184.0,5604.0,0.0,1.0,1.0,Sabin2ref_G5433G,5183.0,5602.0,0.0,1.0,,5433.0,,G,,G,,,,['Sabin2ref'],[4686],['V'],[1562],['V'],['Syn']
416,416,132076.0,Sabin2ref,5170.0,5711.0,1.0,1.0,1.0,Sabin2ref_C5434C,5168.0,5710.0,1.0,1.0,,5434.0,,C,,C,,,,['Sabin2ref'],[4687],['Q'],[1563],['Q'],['Syn']
417,417,132076.0,Sabin2ref,5268.0,5755.0,1.0,1.0,1.0,Sabin2ref_A5435A,5267.0,5752.0,1.0,1.0,,5435.0,,A,,A,,,,['Sabin2ref'],[4688],['Q'],[1563],['Q'],['Syn']
418,418,132076.0,Sabin2ref,5210.0,5736.0,0.0,1.0,1.0,Sabin2ref_A5436A,5204.0,5733.0,0.0,1.0,,5436.0,,A,,A,,,,['Sabin2ref'],[4689],['Q'],[1563],['Q'],['Syn']
419,419,132076.0,Sabin2ref,5187.0,5624.0,0.0,1.0,1.0,Sabin2ref_G5437G,5186.0,5623.0,0.0,1.0,,5437.0,,G,,G,,,,['Sabin2ref'],[4690],['G'],[1564],['G'],['Syn']
420,420,132076.0,Sabin2ref,5119.0,5534.0,1.0,1.0,1.0,Sabin2ref_G5438G,5117.0,5532.0,1.0,1.0,,5438.0,,G,,G,,,,['Sabin2ref'],[4691],['G'],[1564],['G'],['Syn']
421,421,132076.0,Sabin2ref,4962.0,5660.0,1.0,1.0,1.0,Sabin2ref_C5439C,4958.0,5658.0,1.0,1.0,,5439.0,,C,,C,,,,['Sabin2ref'],[4692],['G'],[1564],['G'],['Syn']
422,422,132076.0,Sabin2ref,5110.0,5722.0,1.0,1.0,1.0,Sabin2ref_C5440C,5110.0,5722.0,1.0,1.0,,5440.0,,C,,C,,,,['Sabin2ref'],[4693],['P'],[1565],['P'],['Syn']
423,423,132076.0,Sabin2ref,5180.0,5739.0,1.0,0.0,1.0,Sabin2ref_C5441C,5178.0,5736.0,1.0,0.0,,5441.0,,C,,C,,,,['Sabin2ref'],[4694],['P'],[1565],['P'],['Syn']
424,424,132076.0,Sabin2ref,5241.0,5754.0,1.0,1.0,1.0,Sabin2ref_T5442T,5238.0,5753.0,1.0,1.0,,5442.0,,T,,T,,,,['Sabin2ref'],[4695],['P'],[1565],['P'],['Syn']
425,425,132076.0,Sabin2ref,5298.0,5838.0,1.0,1.0,1.0,Sabin2ref_G5443G,5298.0,5838.0,1.0,1.0,,5443.0,,G,,G,,,,['Sabin2ref'],[4696],['G'],[1566],['G'],['Syn']
426,426,132076.0,Sabin2ref,5315.0,5789.0,1.0,1.0,1.0,Sabin2ref_G5444G,5314.0,5789.0,1.0,1.0,,5444.0,,G,,G,,,,['Sabin2ref'],[4697],['G'],[1566],['G'],['Syn']
427,427,132076.0,Sabin2ref,5340.0,5795.0,1.0,1.0,1.0,Sabin2ref_G5445G,5339.0,5795.0,1.0,1.0,,5445.0,,G,,G,,,,['Sabin2ref'],[4698],['G'],[1566],['G'],['Syn']
428,428,132076.0,Sabin2ref,5301.0,5030.0,1.0,0.0,1.0,Sabin2ref_T5446T,5301.0,5030.0,1.0,0.0,,5446.0,,T,,T,,,,['Sabin2ref'],[4699],['F'],[1567],['F'],['Syn']
429,429,132076.0,Sabin2ref,5162.0,5542.0,1.0,0.0,1.0,Sabin2ref_T5447T,5160.0,5541.0,1.0,0.0,,5447.0,,T,,T,,,,['Sabin2ref'],[4700],['F'],[1567],['F'],['Syn']
430,430,132076.0,Sabin2ref,5226.0,5850.0,1.0,1.0,1.0,Sabin2ref_T5448T,5224.0,5849.0,1.0,1.0,,5448.0,,T,,T,,,,['Sabin2ref'],[4701],['F'],[1567],['F'],['Syn']
431,431,132076.0,Sabin2ref,5292.0,5848.0,1.0,1.0,1.0,Sabin2ref_G5449G,5291.0,5847.0,1.0,1.0,,5449.0,,G,,G,,,,['Sabin2ref'],[4702],['D'],[1568],['D'],['Syn']
432,432,132076.0,Sabin2ref,5254.0,5881.0,1.0,1.0,1.0,Sabin2ref_A5450A,5254.0,5880.0,1.0,1.0,,5450.0,,A,,A,,,,['Sabin2ref'],[4703],['D'],[1568],['D'],['Syn']
433,433,132076.0,Sabin2ref,5134.0,5974.0,1.0,1.0,1.0,Sabin2ref_T5451T,5132.0,5973.0,1.0,1.0,,5451.0,,T,,T,,,,['Sabin2ref'],[4704],['D'],[1568],['D'],['Syn']
434,434,132076.0,Sabin2ref,5093.0,5951.0,1.0,1.0,1.0,Sabin2ref_T5452T,5093.0,5949.0,1.0,1.0,,5452.0,,T,,T,,,,['Sabin2ref'],[4705],['Y'],[1569],['Y'],['Syn']
435,435,132076.0,Sabin2ref,4966.0,5923.0,0.0,1.0,1.0,Sabin2ref_A5453A,4964.0,5919.0,0.0,1.0,,5453.0,,A,,A,,,,['Sabin2ref'],[4706],['Y'],[1569],['Y'],['Syn']
436,436,132076.0,Sabin2ref,5214.0,5953.0,1.0,1.0,1.0,Sabin2ref_C5454C,5210.0,5949.0,1.0,1.0,,5454.0,,C,,C,,,,['Sabin2ref'],[4707],['Y'],[1569],['Y'],['Syn']
437,437,132076.0,Sabin2ref,5333.0,5885.0,1.0,1.0,1.0,Sabin2ref_G5455G,5327.0,5882.0,1.0,1.0,,5455.0,,G,,G,,,,['Sabin2ref'],[4708],['A'],[1570],['A'],['Syn']
438,438,132076.0,Sabin2ref,5239.0,5931.0,1.0,1.0,1.0,Sabin2ref_C5456C,5238.0,5930.0,1.0,1.0,,5456.0,,C,,C,,,,['Sabin2ref'],[4709],['A'],[1570],['A'],['Syn']
439,439,132076.0,Sabin2ref,5256.0,5772.0,1.0,1.0,1.0,Sabin2ref_A5457A,5254.0,5769.0,1.0,1.0,,5457.0,,A,,A,,,,['Sabin2ref'],[4710],['A'],[1570],['A'],['Syn']
440,440,132076.0,Sabin2ref,5295.0,5691.0,1.0,1.0,1.0,Sabin2ref_G5458G,5295.0,5691.0,1.0,1.0,,5458.0,,G,,G,,,,['Sabin2ref'],[4711],['V'],[1571],['V'],['Syn']
441,441,132076.0,Sabin2ref,5207.0,5656.0,1.0,1.0,1.0,Sabin2ref_T5459T,5205.0,5655.0,1.0,1.0,,5459.0,,T,,T,,,,['Sabin2ref'],[4712],['V'],[1571],['V'],['Syn']
442,442,132076.0,Sabin2ref,5269.0,5897.0,1.0,1.0,1.0,Sabin2ref_G5460G,5267.0,5896.0,1.0,1.0,,5460.0,,G,,G,,,,['Sabin2ref'],[4713],['V'],[1571],['V'],['Syn']
443,443,132076.0,Sabin2ref,5323.0,5887.0,1.0,1.0,1.0,Sabin2ref_G5461G,5316.0,5880.0,1.0,1.0,,5461.0,,G,,G,,,,['Sabin2ref'],[4714],['A'],[1572],['A'],['Syn']
444,444,132076.0,Sabin2ref,5091.0,5908.0,1.0,1.0,1.0,Sabin2ref_C5462C,5086.0,5900.0,1.0,1.0,,5462.0,,C,,C,,,,['Sabin2ref'],[4715],['A'],[1572],['A'],['Syn']
445,445,132076.0,Sabin2ref,5158.0,5903.0,1.0,0.0,1.0,Sabin2ref_C5463C,5156.0,5903.0,1.0,0.0,,5463.0,,C,,C,,,,['Sabin2ref'],[4716],['A'],[1572],['A'],['Syn']
446,446,132076.0,Sabin2ref,5293.0,5913.0,0.0,1.0,1.0,Sabin2ref_A5464A,5293.0,5911.0,0.0,1.0,,5464.0,,A,,A,,,,['Sabin2ref'],[4717],['M'],[1573],['M'],['Syn']
447,447,132076.0,Sabin2ref,5304.0,5905.0,1.0,1.0,1.0,Sabin2ref_T5465T,5303.0,5905.0,1.0,1.0,,5465.0,,T,,T,,,,['Sabin2ref'],[4718],['M'],[1573],['M'],['Syn']
448,448,132076.0,Sabin2ref,5344.0,5967.0,1.0,1.0,1.0,Sabin2ref_G5466G,5343.0,5966.0,1.0,1.0,,5466.0,,G,,G,,,,['Sabin2ref'],[4719],['M'],[1573],['M'],['Syn']
449,449,132076.0,Sabin2ref,5241.0,5948.0,1.0,1.0,1.0,Sabin2ref_G5467G,5238.0,5940.0,1.0,1.0,,5467.0,,G,,G,,,,['Sabin2ref'],[4720],['A'],[1574],['A'],['Syn']
450,450,132076.0,Sabin2ref,4777.0,5980.0,1.0,0.0,1.0,Sabin2ref_C5468C,4775.0,5977.0,1.0,0.0,,5468.0,,C,,C,,,,['Sabin2ref'],[4721],['A'],[1574],['A'],['Syn']
451,451,132076.0,Sabin2ref,5350.0,5893.0,1.0,0.0,1.0,Sabin2ref_T5469T,5349.0,5889.0,1.0,0.0,,5469.0,,T,,T,,,,['Sabin2ref'],[4722],['A'],[1574],['A'],['Syn']
452,452,132076.0,Sabin2ref,5360.0,5932.0,1.0,1.0,1.0,Sabin2ref_A5470A,5355.0,5927.0,1.0,1.0,,5470.0,,A,,A,,,,['Sabin2ref'],[4723],['K'],[1575],['K'],['Syn']
453,453,132076.0,Sabin2ref,5347.0,5923.0,1.0,1.0,1.0,Sabin2ref_A5471A,5345.0,5920.0,1.0,1.0,,5471.0,,A,,A,,,,['Sabin2ref'],[4724],['K'],[1575],['K'],['Syn']
454,454,132076.0,Sabin2ref,5360.0,5911.0,1.0,1.0,1.0,Sabin2ref_A5472A,5359.0,5907.0,1.0,1.0,,5472.0,,A,,A,,,,['Sabin2ref'],[4725],['K'],[1575],['K'],['Syn']
455,455,132076.0,Sabin2ref,5379.0,5924.0,1.0,1.0,1.0,Sabin2ref_A5473A,5377.0,5921.0,1.0,1.0,,5473.0,,A,,A,,,,['Sabin2ref'],[4726],['R'],[1576],['R'],['Syn']
456,456,132076.0,Sabin2ref,5348.0,5940.0,1.0,1.0,1.0,Sabin2ref_G5474G,5348.0,5940.0,1.0,1.0,,5474.0,,G,,G,,,,['Sabin2ref'],[4727],['R'],[1576],['R'],['Syn']
457,457,132076.0,Sabin2ref,5272.0,5854.0,1.0,1.0,1.0,Sabin2ref_A5475A,5270.0,5852.0,1.0,1.0,,5475.0,,A,,A,,,,['Sabin2ref'],[4728],['R'],[1576],['R'],['Syn']
458,458,132076.0,Sabin2ref,5229.0,5893.0,1.0,1.0,1.0,Sabin2ref_A5476A,5228.0,5893.0,1.0,1.0,,5476.0,,A,,A,,,,['Sabin2ref'],[4729],['N'],[1577],['N'],['Syn']
459,459,132076.0,Sabin2ref,5063.0,5939.0,1.0,1.0,1.0,Sabin2ref_A5477A,5063.0,5939.0,1.0,1.0,,5477.0,,A,,A,,,,['Sabin2ref'],[4730],['N'],[1577],['N'],['Syn']
460,460,132076.0,Sabin2ref,5281.0,5935.0,1.0,1.0,1.0,Sabin2ref_C5478C,5281.0,5934.0,1.0,1.0,,5478.0,,C,,C,,,,['Sabin2ref'],[4731],['N'],[1577],['N'],['Syn']
461,461,132076.0,Sabin2ref,5254.0,5938.0,1.0,1.0,1.0,Sabin2ref_A5479A,5253.0,5936.0,1.0,1.0,,5479.0,,A,,A,,,,['Sabin2ref'],[4732],['I'],[1578],['I'],['Syn']
462,462,132076.0,Sabin2ref,5149.0,5991.0,1.0,1.0,1.0,Sabin2ref_T5480T,5145.0,5988.0,1.0,1.0,,5480.0,,T,,T,,,,['Sabin2ref'],[4733],['I'],[1578],['I'],['Syn']
463,463,132076.0,Sabin2ref,5241.0,5956.0,1.0,1.0,1.0,Sabin2ref_T5481T,5240.0,5955.0,1.0,1.0,,5481.0,,T,,T,,,,['Sabin2ref'],[4734],['I'],[1578],['I'],['Syn']
464,464,132076.0,Sabin2ref,5331.0,5961.0,1.0,1.0,1.0,Sabin2ref_G5482G,5330.0,5959.0,1.0,1.0,,5482.0,,G,,G,,,,['Sabin2ref'],[4735],['V'],[1579],['V'],['Syn']
465,465,132076.0,Sabin2ref,5273.0,5835.0,1.0,0.0,1.0,Sabin2ref_T5483T,5269.0,5832.0,1.0,0.0,,5483.0,,T,,T,,,,['Sabin2ref'],[4736],['V'],[1579],['V'],['Syn']
466,466,132076.0,Sabin2ref,5228.0,5943.0,1.0,0.0,1.0,Sabin2ref_T5484T,5225.0,5941.0,1.0,0.0,,5484.0,,T,,T,,,,['Sabin2ref'],[4737],['V'],[1579],['V'],['Syn']
467,467,132076.0,Sabin2ref,5224.0,5929.0,1.0,1.0,1.0,Sabin2ref_A5485A,5221.0,5925.0,1.0,1.0,,5485.0,,A,,A,,,,['Sabin2ref'],[4738],['T'],[1580],['T'],['Syn']
468,468,132076.0,Sabin2ref,5296.0,5963.0,1.0,1.0,1.0,Sabin2ref_C5486C,5293.0,5961.0,1.0,1.0,,5486.0,,C,,C,,,,['Sabin2ref'],[4739],['T'],[1580],['T'],['Syn']
469,469,132076.0,Sabin2ref,5270.0,5917.0,1.0,1.0,1.0,Sabin2ref_A5487A,5267.0,5916.0,1.0,1.0,,5487.0,,A,,A,,,,['Sabin2ref'],[4740],['T'],[1580],['T'],['Syn']
470,470,132076.0,Sabin2ref,5254.0,5908.0,1.0,1.0,1.0,Sabin2ref_G5488G,5253.0,5907.0,1.0,1.0,,5488.0,,G,,G,,,,['Sabin2ref'],[4741],['A'],[1581],['A'],['Syn']
471,471,132076.0,Sabin2ref,5051.0,5899.0,1.0,1.0,1.0,Sabin2ref_C5489C,5051.0,5898.0,1.0,1.0,,5489.0,,C,,C,,,,['Sabin2ref'],[4742],['A'],[1581],['A'],['Syn']
472,472,132076.0,Sabin2ref,5126.0,5879.0,1.0,1.0,1.0,Sabin2ref_A5490A,5124.0,5877.0,1.0,1.0,,5490.0,,A,,A,,,,['Sabin2ref'],[4743],['A'],[1581],['A'],['Syn']
473,473,132076.0,Sabin2ref,4934.0,5890.0,1.0,1.0,1.0,Sabin2ref_A5491A,4934.0,5889.0,1.0,1.0,,5491.0,,A,,A,,,,['Sabin2ref'],[4744],['T'],[1582],['T'],['Syn']
474,474,132076.0,Sabin2ref,5015.0,5890.0,1.0,1.0,1.0,Sabin2ref_C5492C,5013.0,5885.0,1.0,1.0,,5492.0,,C,,C,,,,['Sabin2ref'],[4745],['T'],[1582],['T'],['Syn']
475,475,132076.0,Sabin2ref,5049.0,5895.0,1.0,1.0,1.0,Sabin2ref_C5493C,5049.0,5895.0,1.0,1.0,,5493.0,,C,,C,,,,['Sabin2ref'],[4746],['T'],[1582],['T'],['Syn']
476,476,132076.0,Sabin2ref,4588.0,5897.0,1.0,1.0,1.0,Sabin2ref_A5494A,4585.0,5895.0,1.0,1.0,,5494.0,,A,,A,,,,['Sabin2ref'],[4747],['T'],[1583],['T'],['Syn']
477,477,132076.0,Sabin2ref,5228.0,5883.0,1.0,1.0,1.0,Sabin2ref_C5495C,5228.0,5883.0,1.0,1.0,,5495.0,,C,,C,,,,['Sabin2ref'],[4748],['T'],[1583],['T'],['Syn']
478,478,132076.0,Sabin2ref,5276.0,5880.0,1.0,1.0,1.0,Sabin2ref_C5496C,5275.0,5877.0,1.0,1.0,,5496.0,,C,,C,,,,['Sabin2ref'],[4749],['T'],[1583],['T'],['Syn']
479,479,132076.0,Sabin2ref,5243.0,5825.0,1.0,1.0,1.0,Sabin2ref_A5497A,5243.0,5824.0,1.0,1.0,,5497.0,,A,,A,,,,['Sabin2ref'],[4750],['S'],[1584],['S'],['Syn']
480,480,132076.0,Sabin2ref,5261.0,5890.0,1.0,1.0,1.0,Sabin2ref_G5498G,5260.0,5887.0,1.0,1.0,,5498.0,,G,,G,,,,['Sabin2ref'],[4751],['S'],[1584],['S'],['Syn']
481,481,132076.0,Sabin2ref,5262.0,5906.0,1.0,1.0,1.0,Sabin2ref_C5499C,5262.0,5905.0,1.0,1.0,,5499.0,,C,,C,,,,['Sabin2ref'],[4752],['S'],[1584],['S'],['Syn']
482,482,132076.0,Sabin2ref,5260.0,5899.0,1.0,1.0,1.0,Sabin2ref_A5500A,5259.0,5898.0,1.0,1.0,,5500.0,,A,,A,,,,['Sabin2ref'],[4753],['K'],[1585],['K'],['Syn']
483,483,132076.0,Sabin2ref,5239.0,5849.0,1.0,1.0,1.0,Sabin2ref_A5501A,5237.0,5847.0,1.0,1.0,,5501.0,,A,,A,,,,['Sabin2ref'],[4754],['K'],[1585],['K'],['Syn']
484,484,132076.0,Sabin2ref,5198.0,5771.0,1.0,1.0,1.0,Sabin2ref_A5502A,5197.0,5770.0,1.0,1.0,,5502.0,,A,,A,,,,['Sabin2ref'],[4755],['K'],[1585],['K'],['Syn']
485,485,132076.0,Sabin2ref,5201.0,5880.0,1.0,1.0,1.0,Sabin2ref_G5503G,5198.0,5879.0,1.0,1.0,,5503.0,,G,,G,,,,['Sabin2ref'],[4756],['G'],[1586],['G'],['Syn']
486,486,132076.0,Sabin2ref,5206.0,5863.0,1.0,1.0,1.0,Sabin2ref_G5504G,5203.0,5860.0,1.0,1.0,,5504.0,,G,,G,,,,['Sabin2ref'],[4757],['G'],[1586],['G'],['Syn']
487,487,132076.0,Sabin2ref,5189.0,5768.0,1.0,0.0,1.0,Sabin2ref_G5505G,5187.0,5766.0,1.0,0.0,,5505.0,,G,,G,,,,['Sabin2ref'],[4758],['G'],[1586],['G'],['Syn']
488,488,132076.0,Sabin2ref,5239.0,5726.0,1.0,1.0,1.0,Sabin2ref_G5506G,5238.0,5726.0,1.0,1.0,,5506.0,,G,,G,,,,['Sabin2ref'],[4759],['E'],[1587],['E'],['Syn']
489,489,132076.0,Sabin2ref,5157.0,5475.0,1.0,0.0,1.0,Sabin2ref_A5507A,5156.0,5473.0,1.0,0.0,,5507.0,,A,,A,,,,['Sabin2ref'],[4760],['E'],[1587],['E'],['Syn']
490,490,132076.0,Sabin2ref,5188.0,5786.0,1.0,1.0,1.0,Sabin2ref_G5508G,5187.0,5785.0,1.0,1.0,,5508.0,,G,,G,,,,['Sabin2ref'],[4761],['E'],[1587],['E'],['Syn']
491,491,132076.0,Sabin2ref,5132.0,5550.0,1.0,0.0,1.0,Sabin2ref_T5509T,5131.0,5549.0,1.0,0.0,,5509.0,,T,,T,,,,['Sabin2ref'],[4762],['F'],[1588],['F'],['Syn']
492,492,132076.0,Sabin2ref,5136.0,5811.0,1.0,1.0,1.0,Sabin2ref_T5510T,5136.0,5811.0,1.0,1.0,,5510.0,,T,,T,,,,['Sabin2ref'],[4763],['F'],[1588],['F'],['Syn']
493,493,132076.0,Sabin2ref,5339.0,5871.0,1.0,1.0,1.0,Sabin2ref_T5511T,5335.0,5868.0,1.0,1.0,,5511.0,,T,,T,,,,['Sabin2ref'],[4764],['F'],[1588],['F'],['Syn']
494,494,132076.0,Sabin2ref,5294.0,5873.0,1.0,1.0,1.0,Sabin2ref_A5512A,5293.0,5871.0,1.0,1.0,,5512.0,,A,,A,,,,['Sabin2ref'],[4765],['T'],[1589],['T'],['Syn']
495,495,132076.0,Sabin2ref,5432.0,5886.0,1.0,1.0,1.0,Sabin2ref_C5513C,5416.0,5875.0,1.0,1.0,,5513.0,,C,,C,,,,['Sabin2ref'],[4766],['T'],[1589],['T'],['Syn']
496,496,132076.0,Sabin2ref,5546.0,5847.0,1.0,1.0,1.0,Sabin2ref_G5514G,5542.0,5844.0,1.0,1.0,,5514.0,,G,,G,,,,['Sabin2ref'],[4767],['T'],[1589],['T'],['Syn']
497,497,132076.0,Sabin2ref,5524.0,5797.0,1.0,1.0,1.0,Sabin2ref_A5515A,5523.0,5797.0,1.0,1.0,,5515.0,,A,,A,,,,['Sabin2ref'],[4768],['M'],[1590],['M'],['Syn']
498,498,132076.0,Sabin2ref,5523.0,5788.0,1.0,1.0,1.0,Sabin2ref_T5516T,5521.0,5788.0,1.0,1.0,,5516.0,,T,,T,,,,['Sabin2ref'],[4769],['M'],[1590],['M'],['Syn']
499,499,132076.0,Sabin2ref,5472.0,5917.0,1.0,1.0,1.0,Sabin2ref_G5517G,5471.0,5916.0,1.0,1.0,,5517.0,,G,,G,,,,['Sabin2ref'],[4770],['M'],[1590],['M'],['Syn']
500,500,132076.0,Sabin2ref,5446.0,5729.0,1.0,1.0,1.0,Sabin2ref_T5518T,5441.0,5728.0,1.0,1.0,,5518.0,,T,,T,,,,['Sabin2ref'],[4771],['L'],[1591],['L'],['Syn']
501,501,132076.0,Sabin2ref,5495.0,5841.0,1.0,1.0,1.0,Sabin2ref_T5519T,5490.0,5838.0,1.0,1.0,,5519.0,,T,,T,,,,['Sabin2ref'],[4772],['L'],[1591],['L'],['Syn']
502,502,132076.0,Sabin2ref,5541.0,5866.0,1.0,1.0,1.0,Sabin2ref_G5520G,5537.0,5866.0,1.0,1.0,,5520.0,,G,,G,,,,['Sabin2ref'],[4773],['L'],[1591],['L'],['Syn']
503,503,132076.0,Sabin2ref,5576.0,5801.0,1.0,1.0,1.0,Sabin2ref_G5521G,5571.0,5796.0,1.0,1.0,,5521.0,,G,,G,,,,['Sabin2ref'],[4774],['G'],[1592],['G'],['Syn']
504,504,132076.0,Sabin2ref,5628.0,5629.0,1.0,1.0,1.0,Sabin2ref_G5522G,5623.0,5626.0,1.0,1.0,,5522.0,,G,,G,,,,['Sabin2ref'],[4775],['G'],[1592],['G'],['Syn']
505,505,132076.0,Sabin2ref,5561.0,5643.0,1.0,1.0,1.0,Sabin2ref_A5523A,5555.0,5642.0,1.0,1.0,,5523.0,,A,,A,,,,['Sabin2ref'],[4776],['G'],[1592],['G'],['Syn']
506,506,132076.0,Sabin2ref,5623.0,5910.0,1.0,0.0,1.0,Sabin2ref_G5524G,5621.0,5909.0,1.0,0.0,,5524.0,,G,,G,,,,['Sabin2ref'],[4777],['V'],[1593],['V'],['Syn']
507,507,132076.0,Sabin2ref,5345.0,5780.0,1.0,1.0,1.0,Sabin2ref_T5525T,5344.0,5779.0,1.0,1.0,,5525.0,,T,,T,,,,['Sabin2ref'],[4778],['V'],[1593],['V'],['Syn']
508,508,132076.0,Sabin2ref,5315.0,5958.0,1.0,1.0,1.0,Sabin2ref_C5526C,5314.0,5957.0,1.0,1.0,,5526.0,,C,,C,,,,['Sabin2ref'],[4779],['V'],[1593],['V'],['Syn']
509,509,132076.0,Sabin2ref,5604.0,5990.0,1.0,1.0,1.0,Sabin2ref_T5527T,5600.0,5988.0,1.0,1.0,,5527.0,,T,,T,,,,['Sabin2ref'],[4780],['Y'],[1594],['Y'],['Syn']
510,510,132076.0,Sabin2ref,5697.0,6111.0,1.0,1.0,1.0,Sabin2ref_A5528A,5697.0,6110.0,1.0,1.0,,5528.0,,A,,A,,,,['Sabin2ref'],[4781],['Y'],[1594],['Y'],['Syn']
511,511,132076.0,Sabin2ref,5647.0,6125.0,1.0,0.0,1.0,Sabin2ref_T5529T,5645.0,6124.0,1.0,0.0,,5529.0,,T,,T,,,,['Sabin2ref'],[4782],['Y'],[1594],['Y'],['Syn']
512,512,132076.0,Sabin2ref,5798.0,6130.0,1.0,1.0,1.0,Sabin2ref_G5530G,5797.0,6128.0,1.0,1.0,,5530.0,,G,,G,,,,['Sabin2ref'],[4783],['D'],[1595],['D'],['Syn']
513,513,132076.0,Sabin2ref,5795.0,6065.0,1.0,1.0,1.0,Sabin2ref_A5531A,5791.0,6064.0,1.0,1.0,,5531.0,,A,,A,,,,['Sabin2ref'],[4784],['D'],[1595],['D'],['Syn']
514,514,132076.0,Sabin2ref,5839.0,6093.0,1.0,1.0,1.0,Sabin2ref_T5532T,5839.0,6093.0,1.0,1.0,,5532.0,,T,,T,,,,['Sabin2ref'],[4785],['D'],[1595],['D'],['Syn']
