"","gene_antigenic","aa_position","name","polyprotein_position"
"1","VP1",1,"hypervariable",579
"2","VP1",2,"hypervariable",580
"3","VP1",3,"hypervariable",581
"4","VP1",4,"hypervariable",582
"5","VP1",5,"hypervariable",583
"6","VP1",6,"hypervariable",584
"7","VP1",7,"hypervariable",585
"8","VP1",8,"hypervariable",586
"9","VP1",9,"hypervariable",587
"10","VP1",10,"hypervariable",588
"11","VP1",11,"hypervariable",589
"12","VP1",12,"hypervariable",590
"13","VP1",13,"hypervariable",591
"14","VP1",14,"hypervariable",592
"15","VP1",15,"hypervariable",593
"16","VP1",16,"hypervariable",594
"17","VP1",17,"hypervariable",595
"18","VP1",18,"hypervariable",596
"19","VP1",19,"hypervariable",597
"20","VP1",20,"hypervariable",598
"21","VP1",21,"hypervariable",599
"22","VP1",22,"hypervariable",600
"23","VP1",23,"hypervariable",601
"24","VP1",24,"hypervariable",602
"25","VP1",25,"hypervariable",603
"26","VP1",26,"hypervariable",604
"27","VP1",27,"hypervariable",605
"28","VP1",28,"hypervariable",606
"29","VP1",29,"hypervariable",607
"30","VP1",30,"hypervariable",608
"31","VP1",31,"hypervariable",609
"32","VP1",32,"hypervariable",610
"33","VP2",137,"receptorBinding",206
"34","VP2",138,"receptorBinding",207
"35","VP2",139,"receptorBinding",208
"36","VP2",140,"receptorBinding",209
"37","VP2",141,"receptorBinding",210
"38","VP2",171,"receptorBinding",240
"39","VP3",59,"receptorBinding",399
"40","VP3",62,"receptorBinding",402
"41","VP3",90,"receptorBinding",430
"42","VP3",91,"receptorBinding",431
"43","VP3",92,"receptorBinding",432
"44","VP3",93,"receptorBinding",433
"45","VP3",96,"receptorBinding",436
"46","VP3",97,"receptorBinding",437
"47","VP3",105,"receptorBinding",445
"48","VP3",181,"receptorBinding",521
"49","VP3",183,"receptorBinding",523
"50","VP3",230,"receptorBinding",570
"51","VP1",105,"receptorBinding",683
"52","VP1",106,"receptorBinding",684
"53","VP1",107,"receptorBinding",685
"54","VP1",108,"receptorBinding",686
"55","VP1",109,"receptorBinding",687
"56","VP1",111,"receptorBinding",689
"57","VP1",114,"receptorBinding",692
"58","VP1",166,"receptorBinding",744
"59","VP1",214,"receptorBinding",792
"60","VP1",222,"receptorBinding",800
"61","VP1",223,"receptorBinding",801
"62","VP1",224,"receptorBinding",802
"63","VP1",226,"receptorBinding",804
"64","VP1",227,"receptorBinding",805
"65","VP1",228,"receptorBinding",806
"66","VP1",234,"receptorBinding",812
"67","VP1",239,"receptorBinding",817
"68","VP1",291,"receptorBinding",869
"69","VP1",292,"receptorBinding",870
"70","VP1",293,"receptorBinding",871
"71","VP1",294,"receptorBinding",872
"72","VP1",295,"receptorBinding",873
"73","VP1",296,"receptorBinding",874
"74","VP1",297,"receptorBinding",875
"75","VP1",300,"receptorBinding",878
"76","VP1",301,"receptorBinding",879
"77","VP1",95,"NAg1",673
"78","VP1",96,"NAg1",674
"79","VP1",97,"NAg1",675
"80","VP1",98,"NAg1",676
"81","VP1",99,"NAg1",677
"82","VP1",100,"NAg1",678
"83","VP1",101,"NAg1",679
"84","VP1",102,"NAg1",680
"85","VP1",103,"NAg1",681
"86","VP1",168,"NAg1",746
"87","VP1",169,"NAg1",747
"88","VP1",218,"NAg2",796
"89","VP1",219,"NAg2",797
"90","VP1",221,"NAg2",799
"91","VP1",222,"NAg2",800
"92","VP1",223,"NAg2",801
"93","VP2",161,"NAg2",230
"94","VP2",166,"NAg2",235
"95","VP2",167,"NAg2",236
"96","VP2",168,"NAg2",237
"97","VP2",170,"NAg2",239
"98","VP2",172,"NAg2",241
"99","VP2",270,"NAg2",339
"100","VP1",287,"NAg3a",865
"101","VP1",288,"NAg3a",866
"102","VP1",289,"NAg3a",867
"103","VP1",291,"NAg3a",869
"104","VP2",159,"NAg3a",228
"105","VP3",58,"NAg3a",398
"106","VP3",59,"NAg3a",399
"107","VP3",60,"NAg3a",400
"108","VP3",61,"NAg3a",401
"109","VP3",62,"NAg3a",402
"110","VP3",71,"NAg3a",411
"111","VP3",73,"NAg3a",413
"112","VP3",207,"NAg3a",547
"113","VP2",72,"NAg3b",141
"114","VP3",75,"NAg3b",415
"115","VP3",76,"NAg3b",416
"116","VP3",77,"NAg3b",417
"117","VP3",78,"NAg3b",418
"118","VP3",79,"NAg3b",419
"119","VP3",80,"NAg3b",420
